document_path,cited_url,normalized_url,registry_state,source_id,host
docs/00-executive-summary.md,https://developer.konghq.com/gateway/hybrid-mode/)),https://developer.konghq.com/gateway/hybrid-mode,registered,K-001,developer.konghq.com
docs/00-executive-summary.md,https://docs.cloud.google.com/apigee/docs/hybrid/v1.16/what-is-hybrid)),https://docs.cloud.google.com/apigee/docs/hybrid/v1.16/what-is-hybrid,registered,G-005,docs.cloud.google.com
docs/00-executive-summary.md,https://docs.mulesoft.com/dataweave/latest/)),https://docs.mulesoft.com/dataweave/latest,registered,MU-004,docs.mulesoft.com
docs/00-executive-summary.md,https://learn.microsoft.com/en-us/azure/api-management/api-management-gateways-overview),https://learn.microsoft.com/en-us/azure/api-management/api-management-gateways-overview,registered,M-001,learn.microsoft.com
docs/00-executive-summary.md,https://learn.microsoft.com/en-us/azure/api-management/self-hosted-gateway-support-policies)),https://learn.microsoft.com/en-us/azure/api-management/self-hosted-gateway-support-policies,registered,M-003,learn.microsoft.com
docs/01-problem-statement.md,https://developer.konghq.com/gateway/deployment-topologies/)),https://developer.konghq.com/gateway/deployment-topologies,registered,K-003,developer.konghq.com
docs/01-problem-statement.md,https://docs.cloud.google.com/apigee/docs/hybrid/v1.16/what-is-hybrid)),https://docs.cloud.google.com/apigee/docs/hybrid/v1.16/what-is-hybrid,registered,G-005,docs.cloud.google.com
docs/01-problem-statement.md,https://docs.mulesoft.com/dataweave/latest/)),https://docs.mulesoft.com/dataweave/latest,registered,MU-004,docs.mulesoft.com
docs/01-problem-statement.md,https://learn.microsoft.com/en-us/azure/api-management/api-management-gateways-overview)),https://learn.microsoft.com/en-us/azure/api-management/api-management-gateways-overview,registered,M-001,learn.microsoft.com
docs/01-problem-statement.md,https://learn.microsoft.com/en-us/azure/api-management/self-hosted-gateway-support-policies)),https://learn.microsoft.com/en-us/azure/api-management/self-hosted-gateway-support-policies,registered,M-003,learn.microsoft.com
docs/01-problem-statement.md,https://www.rfc-editor.org/rfc/rfc9110.html)),https://www.rfc-editor.org/rfc/rfc9110.html,registered,RFC-001,www.rfc-editor.org
docs/02-current-state-assumptions.md,https://docs.mulesoft.com/dataweave/latest/)),https://docs.mulesoft.com/dataweave/latest,registered,MU-004,docs.mulesoft.com
docs/02-current-state-assumptions.md,https://docs.mulesoft.com/mule-runtime/latest/mule-high-availability-ha-clusters)),https://docs.mulesoft.com/mule-runtime/latest/mule-high-availability-ha-clusters,registered,MU-005,docs.mulesoft.com
docs/02-current-state-assumptions.md,https://kubernetes.io/docs/concepts/configuration/secret/)),https://kubernetes.io/docs/concepts/configuration/secret,registered,K8S-004,kubernetes.io
docs/03-assessment-methodology.md,https://developer.konghq.com/gateway/hybrid-mode/)),https://developer.konghq.com/gateway/hybrid-mode,registered,K-001,developer.konghq.com
docs/03-assessment-methodology.md,https://docs.cloud.google.com/apigee/docs/hybrid/v1.16/what-is-hybrid)),https://docs.cloud.google.com/apigee/docs/hybrid/v1.16/what-is-hybrid,registered,G-005,docs.cloud.google.com
docs/03-assessment-methodology.md,https://learn.microsoft.com/en-us/azure/api-management/self-hosted-gateway-support-policies)),https://learn.microsoft.com/en-us/azure/api-management/self-hosted-gateway-support-policies,registered,M-003,learn.microsoft.com
docs/04-kong-first-hypothesis.md,https://developer.konghq.com/deck/gateway/)),https://developer.konghq.com/deck/gateway,registered,K-006,developer.konghq.com
docs/04-kong-first-hypothesis.md,https://developer.konghq.com/gateway/cp-dp-communication/)),https://developer.konghq.com/gateway/cp-dp-communication,registered,K-002,developer.konghq.com
docs/04-kong-first-hypothesis.md,https://developer.konghq.com/gateway/deployment-topologies/),https://developer.konghq.com/gateway/deployment-topologies,registered,K-003,developer.konghq.com
docs/04-kong-first-hypothesis.md,https://developer.konghq.com/gateway/hybrid-mode/)),https://developer.konghq.com/gateway/hybrid-mode,registered,K-001,developer.konghq.com
docs/04-kong-first-hypothesis.md,https://developer.konghq.com/gateway/install/hybrid/)),https://developer.konghq.com/gateway/install/hybrid,registered,K-013,developer.konghq.com
docs/04-kong-first-hypothesis.md,https://developer.konghq.com/gateway/topology-hosting-options/),https://developer.konghq.com/gateway/topology-hosting-options,registered,K-014,developer.konghq.com
docs/04-kong-first-hypothesis.md,https://developer.konghq.com/kubernetes-ingress-controller/),https://developer.konghq.com/kubernetes-ingress-controller,registered,K-005,developer.konghq.com
docs/04-kong-first-hypothesis.md,https://developer.konghq.com/kubernetes-ingress-controller/gateway-api/)),https://developer.konghq.com/kubernetes-ingress-controller/gateway-api,registered,K-004,developer.konghq.com
docs/04-kong-first-hypothesis.md,https://developer.konghq.com/operator/)),https://developer.konghq.com/operator,registered,K-015,developer.konghq.com
docs/04-kong-first-hypothesis.md,https://docs.mulesoft.com/dataweave/latest/)),https://docs.mulesoft.com/dataweave/latest,registered,MU-004,docs.mulesoft.com
docs/05-target-state-vision.md,https://gateway-api.sigs.k8s.io/docs/concepts/api-overview/)),https://gateway-api.sigs.k8s.io/docs/concepts/api-overview,contextual,,gateway-api.sigs.k8s.io
docs/05-target-state-vision.md,https://opentelemetry.io/docs/concepts/signals/)),https://opentelemetry.io/docs/concepts/signals,contextual,,opentelemetry.io
docs/05-target-state-vision.md,https://www.rfc-editor.org/rfc/rfc9110.html#name-idempotent-methods)),https://www.rfc-editor.org/rfc/rfc9110.html,registered,RFC-001,www.rfc-editor.org
docs/06-hybrid-cloud-requirements.md,https://developer.konghq.com/gateway/hybrid-mode/)),https://developer.konghq.com/gateway/hybrid-mode,registered,K-001,developer.konghq.com
docs/06-hybrid-cloud-requirements.md,https://docs.cloud.google.com/apigee/docs/hybrid/v1.16/what-is-hybrid)),https://docs.cloud.google.com/apigee/docs/hybrid/v1.16/what-is-hybrid,registered,G-005,docs.cloud.google.com
docs/06-hybrid-cloud-requirements.md,https://docs.mulesoft.com/runtime-fabric/latest/)),https://docs.mulesoft.com/runtime-fabric/latest,contextual,,docs.mulesoft.com
docs/06-hybrid-cloud-requirements.md,https://learn.microsoft.com/en-us/azure/api-management/self-hosted-gateway-overview),https://learn.microsoft.com/en-us/azure/api-management/self-hosted-gateway-overview,registered,M-002,learn.microsoft.com
docs/06-hybrid-cloud-requirements.md,https://learn.microsoft.com/en-us/azure/api-management/self-hosted-gateway-support-policies)),https://learn.microsoft.com/en-us/azure/api-management/self-hosted-gateway-support-policies,registered,M-003,learn.microsoft.com
docs/07-api-gateway-vs-integration-runtime.md,https://docs.mulesoft.com/dataweave/latest/dataweave-language-introduction)),https://docs.mulesoft.com/dataweave/latest/dataweave-language-introduction,contextual,,docs.mulesoft.com
docs/07-api-gateway-vs-integration-runtime.md,https://www.rfc-editor.org/rfc/rfc9110.html#name-idempotent-methods)),https://www.rfc-editor.org/rfc/rfc9110.html,registered,RFC-001,www.rfc-editor.org
docs/07-api-gateway-vs-integration-runtime.md,https://www.rfc-editor.org/rfc/rfc9700.html)),https://www.rfc-editor.org/rfc/rfc9700.html,contextual,,www.rfc-editor.org
docs/08-mule-capability-decomposition.md,https://docs.mulesoft.com/dataweave/latest/dataweave-language-introduction)),https://docs.mulesoft.com/dataweave/latest/dataweave-language-introduction,contextual,,docs.mulesoft.com
docs/08-mule-capability-decomposition.md,https://docs.mulesoft.com/mule-runtime/latest/)),https://docs.mulesoft.com/mule-runtime/latest,contextual,,docs.mulesoft.com
docs/08-mule-capability-decomposition.md,https://docs.mulesoft.com/object-store-connector/latest/)),https://docs.mulesoft.com/object-store-connector/latest,contextual,,docs.mulesoft.com
docs/08-mule-capability-decomposition.md,https://docs.mulesoft.com/runtime-fabric/latest/)),https://docs.mulesoft.com/runtime-fabric/latest,contextual,,docs.mulesoft.com
docs/08-mule-capability-decomposition.md,https://docs.mulesoft.com/vm-connector/latest/)),https://docs.mulesoft.com/vm-connector/latest,contextual,,docs.mulesoft.com
docs/09-product-shortlist.md,https://developer.konghq.com/gateway/hybrid-mode/)),https://developer.konghq.com/gateway/hybrid-mode,registered,K-001,developer.konghq.com
docs/09-product-shortlist.md,https://docs.cloud.google.com/apigee/docs/api-platform/architecture/overview)),https://docs.cloud.google.com/apigee/docs/api-platform/architecture/overview,contextual,,docs.cloud.google.com
docs/09-product-shortlist.md,https://docs.cloud.google.com/apigee/docs/hybrid/v1.16/what-is-hybrid)),https://docs.cloud.google.com/apigee/docs/hybrid/v1.16/what-is-hybrid,registered,G-005,docs.cloud.google.com
docs/09-product-shortlist.md,https://docs.mulesoft.com/runtime-fabric/latest/)),https://docs.mulesoft.com/runtime-fabric/latest,contextual,,docs.mulesoft.com
docs/09-product-shortlist.md,https://docs.nginx.com/nginx-gateway-fabric/)),https://docs.nginx.com/nginx-gateway-fabric,contextual,,docs.nginx.com
docs/09-product-shortlist.md,https://documentation.gravitee.io/apim/hybrid-installation-and-configuration-guides/next-gen-cloud/link-to-a-hybrid-gateway)),https://documentation.gravitee.io/apim/hybrid-installation-and-configuration-guides/next-gen-cloud/link-to-a-hybrid-gateway,contextual,,documentation.gravitee.io
docs/09-product-shortlist.md,https://learn.microsoft.com/en-us/azure/api-management/api-management-gateways-overview)),https://learn.microsoft.com/en-us/azure/api-management/api-management-gateways-overview,registered,M-001,learn.microsoft.com
docs/09-product-shortlist.md,https://learn.microsoft.com/en-us/azure/api-management/self-hosted-gateway-support-policies)),https://learn.microsoft.com/en-us/azure/api-management/self-hosted-gateway-support-policies,registered,M-003,learn.microsoft.com
docs/09-product-shortlist.md,https://tyk.io/docs/nightly/tyk-cloud/environments-deployments/hybrid-gateways)),https://tyk.io/docs/nightly/tyk-cloud/environments-deployments/hybrid-gateways,contextual,,tyk.io
docs/10-kong-deep-dive.md,https://developer.konghq.com/dedicated-cloud-gateways/),https://developer.konghq.com/dedicated-cloud-gateways,contextual,,developer.konghq.com
docs/10-kong-deep-dive.md,https://developer.konghq.com/dedicated-cloud-gateways/network-architecture/),https://developer.konghq.com/dedicated-cloud-gateways/network-architecture,contextual,,developer.konghq.com
docs/10-kong-deep-dive.md,https://developer.konghq.com/gateway/db-less-mode/),https://developer.konghq.com/gateway/db-less-mode,contextual,,developer.konghq.com
docs/10-kong-deep-dive.md,https://developer.konghq.com/gateway/deployment-topologies/),https://developer.konghq.com/gateway/deployment-topologies,registered,K-003,developer.konghq.com
docs/10-kong-deep-dive.md,https://developer.konghq.com/gateway/entities/license/),https://developer.konghq.com/gateway/entities/license,contextual,,developer.konghq.com
docs/10-kong-deep-dive.md,https://developer.konghq.com/gateway/hybrid-mode/),https://developer.konghq.com/gateway/hybrid-mode,registered,K-001,developer.konghq.com
docs/10-kong-deep-dive.md,https://developer.konghq.com/gateway/rate-limiting/strategies/),https://developer.konghq.com/gateway/rate-limiting/strategies,contextual,,developer.konghq.com
docs/10-kong-deep-dive.md,https://developer.konghq.com/gateway/traditional-mode/),https://developer.konghq.com/gateway/traditional-mode,contextual,,developer.konghq.com
docs/10-kong-deep-dive.md,https://developer.konghq.com/gateway/upgrade/),https://developer.konghq.com/gateway/upgrade,contextual,,developer.konghq.com
docs/10-kong-deep-dive.md,https://developer.konghq.com/gateway/upgrade/backup-and-restore/),https://developer.konghq.com/gateway/upgrade/backup-and-restore,contextual,,developer.konghq.com
docs/10-kong-deep-dive.md,https://developer.konghq.com/gateway/version-support-policy/),https://developer.konghq.com/gateway/version-support-policy,contextual,,developer.konghq.com
docs/10-kong-deep-dive.md,https://developer.konghq.com/konnect-platform/geos/),https://developer.konghq.com/konnect-platform/geos,contextual,,developer.konghq.com
docs/10-kong-deep-dive.md,https://developer.konghq.com/konnect-platform/network/),https://developer.konghq.com/konnect-platform/network,contextual,,developer.konghq.com
docs/10-kong-deep-dive.md,https://developer.konghq.com/kubernetes-ingress-controller/architecture/),https://developer.konghq.com/kubernetes-ingress-controller/architecture,contextual,,developer.konghq.com
docs/10-kong-deep-dive.md,https://developer.konghq.com/kubernetes-ingress-controller/version-compatibility/),https://developer.konghq.com/kubernetes-ingress-controller/version-compatibility,contextual,,developer.konghq.com
docs/10-kong-deep-dive.md,https://developer.konghq.com/plugins/compatibility/),https://developer.konghq.com/plugins/compatibility,contextual,,developer.konghq.com
docs/10-kong-deep-dive.md,https://developer.konghq.com/serverless-gateways/reference/),https://developer.konghq.com/serverless-gateways/reference,contextual,,developer.konghq.com
docs/11-kong-control-data-plane.md,https://developer.konghq.com/gateway/cp-dp-communication/),https://developer.konghq.com/gateway/cp-dp-communication,registered,K-002,developer.konghq.com
docs/11-kong-control-data-plane.md,https://developer.konghq.com/gateway/data-plane-version-compatibility/),https://developer.konghq.com/gateway/data-plane-version-compatibility,contextual,,developer.konghq.com
docs/11-kong-control-data-plane.md,https://developer.konghq.com/gateway/hybrid-mode/),https://developer.konghq.com/gateway/hybrid-mode,registered,K-001,developer.konghq.com
docs/11-kong-control-data-plane.md,https://developer.konghq.com/konnect-platform/network/),https://developer.konghq.com/konnect-platform/network,contextual,,developer.konghq.com
docs/12-kong-konnect-vs-self-managed.md,https://developer.konghq.com/gateway/topology-hosting-options/),https://developer.konghq.com/gateway/topology-hosting-options,registered,K-014,developer.konghq.com
docs/12-kong-konnect-vs-self-managed.md,https://developer.konghq.com/gateway/upgrade/backup-and-restore/),https://developer.konghq.com/gateway/upgrade/backup-and-restore,contextual,,developer.konghq.com
docs/12-kong-konnect-vs-self-managed.md,https://developer.konghq.com/konnect-platform/compatibility/),https://developer.konghq.com/konnect-platform/compatibility,contextual,,developer.konghq.com
docs/12-kong-konnect-vs-self-managed.md,https://developer.konghq.com/konnect-platform/geos/),https://developer.konghq.com/konnect-platform/geos,contextual,,developer.konghq.com
docs/12-kong-konnect-vs-self-managed.md,https://developer.konghq.com/serverless-gateways/reference/),https://developer.konghq.com/serverless-gateways/reference,contextual,,developer.konghq.com
docs/13-kong-on-aks.md,https://developer.konghq.com/gateway/hybrid-mode/#hybrid-mode-with-kubernetes),https://developer.konghq.com/gateway/hybrid-mode,registered,K-001,developer.konghq.com
docs/13-kong-on-aks.md,https://developer.konghq.com/gateway/traffic-control/health-check-probes/),https://developer.konghq.com/gateway/traffic-control/health-check-probes,contextual,,developer.konghq.com
docs/13-kong-on-aks.md,https://developer.konghq.com/gateway/version-support-policy/),https://developer.konghq.com/gateway/version-support-policy,contextual,,developer.konghq.com
docs/13-kong-on-aks.md,https://developer.konghq.com/kubernetes-ingress-controller/gateway-api/),https://developer.konghq.com/kubernetes-ingress-controller/gateway-api,registered,K-004,developer.konghq.com
docs/13-kong-on-aks.md,https://developer.konghq.com/operator/support-policy/),https://developer.konghq.com/operator/support-policy,contextual,,developer.konghq.com
docs/13-kong-on-aks.md,https://kubernetes.io/docs/concepts/scheduling-eviction/topology-spread-constraints/),https://kubernetes.io/docs/concepts/scheduling-eviction/topology-spread-constraints,contextual,,kubernetes.io
docs/13-kong-on-aks.md,https://learn.microsoft.com/en-us/azure/aks/best-practices-app-cluster-reliability),https://learn.microsoft.com/en-us/azure/aks/best-practices-app-cluster-reliability,contextual,,learn.microsoft.com
docs/13-kong-on-aks.md,https://learn.microsoft.com/en-us/azure/architecture/reference-architectures/containers/aks/baseline-aks),https://learn.microsoft.com/en-us/azure/architecture/reference-architectures/containers/aks/baseline-aks,contextual,,learn.microsoft.com
docs/14-kong-security.md,https://developer.konghq.com/custom-plugins/handler.lua/),https://developer.konghq.com/custom-plugins/handler.lua,contextual,,developer.konghq.com
docs/14-kong-security.md,https://developer.konghq.com/gateway/audit-logs/),https://developer.konghq.com/gateway/audit-logs,contextual,,developer.konghq.com
docs/14-kong-security.md,https://developer.konghq.com/gateway/entities/vault/),https://developer.konghq.com/gateway/entities/vault,contextual,,developer.konghq.com
docs/14-kong-security.md,https://developer.konghq.com/gateway/rate-limiting/strategies/),https://developer.konghq.com/gateway/rate-limiting/strategies,contextual,,developer.konghq.com
docs/14-kong-security.md,https://developer.konghq.com/gateway/secrets-management/),https://developer.konghq.com/gateway/secrets-management,contextual,,developer.konghq.com
docs/14-kong-security.md,https://developer.konghq.com/konnect-platform/teams-and-roles/),https://developer.konghq.com/konnect-platform/teams-and-roles,contextual,,developer.konghq.com
docs/14-kong-security.md,https://developer.konghq.com/plugins/compatibility/),https://developer.konghq.com/plugins/compatibility,contextual,,developer.konghq.com
docs/14-kong-security.md,https://developer.konghq.com/plugins/mtls-auth/),https://developer.konghq.com/plugins/mtls-auth,contextual,,developer.konghq.com
docs/14-kong-security.md,https://developer.konghq.com/plugins/mtls-auth/reference/),https://developer.konghq.com/plugins/mtls-auth/reference,contextual,,developer.konghq.com
docs/14-kong-security.md,https://developer.konghq.com/plugins/openid-connect/),https://developer.konghq.com/plugins/openid-connect,contextual,,developer.konghq.com
docs/14-kong-security.md,https://developer.konghq.com/plugins/request-validator/),https://developer.konghq.com/plugins/request-validator,registered,K-009,developer.konghq.com
docs/15-kong-apiops.md,https://developer.konghq.com/deck/gateway/),https://developer.konghq.com/deck/gateway,registered,K-006,developer.konghq.com
docs/15-kong-apiops.md,https://developer.konghq.com/deck/gateway/tags/),https://developer.konghq.com/deck/gateway/tags,contextual,,developer.konghq.com
docs/15-kong-apiops.md,https://developer.konghq.com/gateway/db-less-mode/),https://developer.konghq.com/gateway/db-less-mode,contextual,,developer.konghq.com
docs/15-kong-apiops.md,https://developer.konghq.com/kubernetes-ingress-controller/architecture/),https://developer.konghq.com/kubernetes-ingress-controller/architecture,contextual,,developer.konghq.com
docs/15-kong-apiops.md,https://developer.konghq.com/kubernetes-ingress-controller/gateway-api/),https://developer.konghq.com/kubernetes-ingress-controller/gateway-api,registered,K-004,developer.konghq.com
docs/16-kong-observability.md,https://developer.konghq.com/gateway/logs/),https://developer.konghq.com/gateway/logs,contextual,,developer.konghq.com
docs/16-kong-observability.md,https://developer.konghq.com/gateway/pdk/reference/kong.log/),https://developer.konghq.com/gateway/pdk/reference/kong.log,contextual,,developer.konghq.com
docs/16-kong-observability.md,https://developer.konghq.com/plugins/opentelemetry/),https://developer.konghq.com/plugins/opentelemetry,registered,K-008,developer.konghq.com
docs/16-kong-observability.md,https://developer.konghq.com/plugins/prometheus/),https://developer.konghq.com/plugins/prometheus,registered,K-007,developer.konghq.com
docs/17-kong-performance.md,https://developer.konghq.com/gateway/performance/establish-a-benchmark/),https://developer.konghq.com/gateway/performance/establish-a-benchmark,contextual,,developer.konghq.com
docs/17-kong-performance.md,https://developer.konghq.com/gateway/performance/large-payloads/),https://developer.konghq.com/gateway/performance/large-payloads,contextual,,developer.konghq.com
docs/17-kong-performance.md,https://developer.konghq.com/gateway/performance/optimize/),https://developer.konghq.com/gateway/performance/optimize,contextual,,developer.konghq.com
docs/17-kong-performance.md,https://developer.konghq.com/gateway/resource-sizing-guidelines/),https://developer.konghq.com/gateway/resource-sizing-guidelines,contextual,,developer.konghq.com
docs/18-kong-ha-dr.md,https://developer.konghq.com/gateway/hybrid-mode/),https://developer.konghq.com/gateway/hybrid-mode,registered,K-001,developer.konghq.com
docs/18-kong-ha-dr.md,https://developer.konghq.com/gateway/upgrade/),https://developer.konghq.com/gateway/upgrade,contextual,,developer.konghq.com
docs/18-kong-ha-dr.md,https://developer.konghq.com/gateway/upgrade/backup-and-restore/),https://developer.konghq.com/gateway/upgrade/backup-and-restore,contextual,,developer.konghq.com
docs/18-kong-ha-dr.md,https://developer.konghq.com/gateway/upgrade/blue-green/),https://developer.konghq.com/gateway/upgrade/blue-green,contextual,,developer.konghq.com
docs/19-azure-apim-assessment.md,https://learn.microsoft.com/en-us/azure/api-management/api-management-gateways-overview),https://learn.microsoft.com/en-us/azure/api-management/api-management-gateways-overview,registered,M-001,learn.microsoft.com
docs/19-azure-apim-assessment.md,https://learn.microsoft.com/en-us/azure/api-management/breaking-changes/git-configuration-retirement-march-2025),https://learn.microsoft.com/en-us/azure/api-management/breaking-changes/git-configuration-retirement-march-2025,contextual,,learn.microsoft.com
docs/19-azure-apim-assessment.md,https://learn.microsoft.com/en-us/azure/api-management/how-to-self-hosted-gateway-on-kubernetes-in-production),https://learn.microsoft.com/en-us/azure/api-management/how-to-self-hosted-gateway-on-kubernetes-in-production,contextual,,learn.microsoft.com
docs/19-azure-apim-assessment.md,https://learn.microsoft.com/en-us/azure/api-management/self-hosted-gateway-overview#connectivity-to-azure),https://learn.microsoft.com/en-us/azure/api-management/self-hosted-gateway-overview,registered,M-002,learn.microsoft.com
docs/19-azure-apim-assessment.md,https://learn.microsoft.com/en-us/azure/api-management/self-hosted-gateway-support-policies),https://learn.microsoft.com/en-us/azure/api-management/self-hosted-gateway-support-policies,registered,M-003,learn.microsoft.com
docs/19-azure-apim-assessment.md,https://learn.microsoft.com/en-us/azure/api-management/v2-service-tiers-overview),https://learn.microsoft.com/en-us/azure/api-management/v2-service-tiers-overview,registered,M-005,learn.microsoft.com
docs/19-azure-apim-assessment.md,https://learn.microsoft.com/en-us/azure/api-management/workspaces-overview),https://learn.microsoft.com/en-us/azure/api-management/workspaces-overview,registered,M-004,learn.microsoft.com
docs/19-azure-apim-assessment.md,https://learn.microsoft.com/en-us/azure/reliability/reliability-api-management),https://learn.microsoft.com/en-us/azure/reliability/reliability-api-management,contextual,,learn.microsoft.com
docs/20-azure-apim-hybrid-fit.md,https://learn.microsoft.com/en-us/azure/api-management/self-hosted-gateway-overview#connectivity-to-azure),https://learn.microsoft.com/en-us/azure/api-management/self-hosted-gateway-overview,registered,M-002,learn.microsoft.com
docs/20-azure-apim-hybrid-fit.md,https://learn.microsoft.com/en-us/azure/api-management/self-hosted-gateway-support-policies),https://learn.microsoft.com/en-us/azure/api-management/self-hosted-gateway-support-policies,registered,M-003,learn.microsoft.com
docs/20-azure-apim-hybrid-fit.md,https://learn.microsoft.com/en-us/azure/api-management/v2-service-tiers-overview#currently-unavailable-features),https://learn.microsoft.com/en-us/azure/api-management/v2-service-tiers-overview,registered,M-005,learn.microsoft.com
docs/20-azure-apim-hybrid-fit.md,https://learn.microsoft.com/en-us/azure/api-management/workspaces-overview#workspace-and-workspace-gateway-constraints),https://learn.microsoft.com/en-us/azure/api-management/workspaces-overview,registered,M-004,learn.microsoft.com
docs/21-apigee-assessment.md,https://cloud.google.com/apigee/docs/api-platform/analytics/export-data),https://cloud.google.com/apigee/docs/api-platform/analytics/export-data,contextual,,cloud.google.com
docs/21-apigee-assessment.md,https://cloud.google.com/apigee/docs/api-platform/fundamentals/download-api-proxies),https://cloud.google.com/apigee/docs/api-platform/fundamentals/download-api-proxies,contextual,,cloud.google.com
docs/21-apigee-assessment.md,https://cloud.google.com/apigee/docs/api-platform/fundamentals/environments-working-with),https://cloud.google.com/apigee/docs/api-platform/fundamentals/environments-working-with,contextual,,cloud.google.com
docs/21-apigee-assessment.md,https://cloud.google.com/apigee/docs/api-platform/fundamentals/organization-structure),https://cloud.google.com/apigee/docs/api-platform/fundamentals/organization-structure,contextual,,cloud.google.com
docs/21-apigee-assessment.md,https://cloud.google.com/apigee/docs/api-platform/get-started/apigee-feature-summary),https://cloud.google.com/apigee/docs/api-platform/get-started/apigee-feature-summary,registered,G-003,cloud.google.com
docs/21-apigee-assessment.md,https://cloud.google.com/apigee/docs/api-platform/reference/pay-as-you-go-updated-overview),https://cloud.google.com/apigee/docs/api-platform/reference/pay-as-you-go-updated-overview,contextual,,cloud.google.com
docs/21-apigee-assessment.md,https://cloud.google.com/apigee/docs/hybrid/latest/cassandra-backup-overview),https://cloud.google.com/apigee/docs/hybrid/latest/cassandra-backup-overview,contextual,,cloud.google.com
docs/21-apigee-assessment.md,https://cloud.google.com/apigee/docs/hybrid/latest/restore-cassandra-multi-region),https://cloud.google.com/apigee/docs/hybrid/latest/restore-cassandra-multi-region,contextual,,cloud.google.com
docs/21-apigee-assessment.md,https://cloud.google.com/apigee/docs/hybrid/latest/what-is-hybrid),https://cloud.google.com/apigee/docs/hybrid/latest/what-is-hybrid,registered,G-001,cloud.google.com
docs/21-apigee-assessment.md,https://cloud.google.com/apigee/docs/hybrid/latest/where-data.html),https://cloud.google.com/apigee/docs/hybrid/latest/where-data.html,contextual,,cloud.google.com
docs/21-apigee-assessment.md,https://cloud.google.com/apigee/docs/hybrid/supported-platforms),https://cloud.google.com/apigee/docs/hybrid/supported-platforms,registered,G-004,cloud.google.com
docs/22-apigee-hybrid-fit.md,https://cloud.google.com/apigee/docs/hybrid/latest/cassandra-backup-overview),https://cloud.google.com/apigee/docs/hybrid/latest/cassandra-backup-overview,contextual,,cloud.google.com
docs/22-apigee-hybrid-fit.md,https://cloud.google.com/apigee/docs/hybrid/latest/install-create-cluster),https://cloud.google.com/apigee/docs/hybrid/latest/install-create-cluster,contextual,,cloud.google.com
docs/22-apigee-hybrid-fit.md,https://cloud.google.com/apigee/docs/hybrid/latest/restore-cassandra-multi-region),https://cloud.google.com/apigee/docs/hybrid/latest/restore-cassandra-multi-region,contextual,,cloud.google.com
docs/22-apigee-hybrid-fit.md,https://cloud.google.com/apigee/docs/hybrid/latest/what-is-hybrid#synchronizer),https://cloud.google.com/apigee/docs/hybrid/latest/what-is-hybrid,registered,G-001,cloud.google.com
docs/22-apigee-hybrid-fit.md,https://cloud.google.com/apigee/docs/hybrid/latest/where-data.html),https://cloud.google.com/apigee/docs/hybrid/latest/where-data.html,contextual,,cloud.google.com
docs/22-apigee-hybrid-fit.md,https://cloud.google.com/apigee/docs/hybrid/supported-platforms),https://cloud.google.com/apigee/docs/hybrid/supported-platforms,registered,G-004,cloud.google.com
docs/23-mulesoft-current-state-baseline.md,https://docs.mulesoft.com/api-manager/latest/manage-policies-overview),https://docs.mulesoft.com/api-manager/latest/manage-policies-overview,registered,MU-002,docs.mulesoft.com
docs/23-mulesoft-current-state-baseline.md,https://docs.mulesoft.com/cloudhub-2/ch2-architecture),https://docs.mulesoft.com/cloudhub-2/ch2-architecture,contextual,,docs.mulesoft.com
docs/23-mulesoft-current-state-baseline.md,https://docs.mulesoft.com/cloudhub-2/ch2-networking-guide),https://docs.mulesoft.com/cloudhub-2/ch2-networking-guide,contextual,,docs.mulesoft.com
docs/23-mulesoft-current-state-baseline.md,https://docs.mulesoft.com/gateway/latest/),https://docs.mulesoft.com/gateway/latest,contextual,,docs.mulesoft.com
docs/23-mulesoft-current-state-baseline.md,https://docs.mulesoft.com/gateway/latest/flex-architecture-managed-dr-ha),https://docs.mulesoft.com/gateway/latest/flex-architecture-managed-dr-ha,contextual,,docs.mulesoft.com
docs/23-mulesoft-current-state-baseline.md,https://docs.mulesoft.com/gateway/latest/flex-gateway-version-lifecycle),https://docs.mulesoft.com/gateway/latest/flex-gateway-version-lifecycle,contextual,,docs.mulesoft.com
docs/23-mulesoft-current-state-baseline.md,https://docs.mulesoft.com/hosting-home/),https://docs.mulesoft.com/hosting-home,contextual,,docs.mulesoft.com
docs/23-mulesoft-current-state-baseline.md,https://docs.mulesoft.com/mule-runtime/latest/dataweave),https://docs.mulesoft.com/mule-runtime/latest/dataweave,registered,MU-001,docs.mulesoft.com
docs/23-mulesoft-current-state-baseline.md,https://docs.mulesoft.com/mule-runtime/latest/reliability-patterns),https://docs.mulesoft.com/mule-runtime/latest/reliability-patterns,contextual,,docs.mulesoft.com
docs/23-mulesoft-current-state-baseline.md,https://docs.mulesoft.com/release-notes/flex-gateway/flex-gateway-release-notes#_1_13_0),https://docs.mulesoft.com/release-notes/flex-gateway/flex-gateway-release-notes,contextual,,docs.mulesoft.com
docs/23-mulesoft-current-state-baseline.md,https://docs.mulesoft.com/runtime-fabric/latest/),https://docs.mulesoft.com/runtime-fabric/latest,contextual,,docs.mulesoft.com
docs/23-mulesoft-current-state-baseline.md,https://docs.mulesoft.com/runtime-manager/deployment-strategies),https://docs.mulesoft.com/runtime-manager/deployment-strategies,contextual,,docs.mulesoft.com
docs/24-secondary-products.md,https://docs.nginx.com/nginx-gateway-fabric/),https://docs.nginx.com/nginx-gateway-fabric,contextual,,docs.nginx.com
docs/24-secondary-products.md,https://docs.nginx.com/nginx-gateway-fabric/install/nginx-plus/),https://docs.nginx.com/nginx-gateway-fabric/install/nginx-plus,contextual,,docs.nginx.com
docs/24-secondary-products.md,https://docs.nginx.com/nginx-gateway-fabric/overview/gateway-architecture/),https://docs.nginx.com/nginx-gateway-fabric/overview/gateway-architecture,contextual,,docs.nginx.com
docs/24-secondary-products.md,https://docs.nginx.com/nginx-gateway-fabric/overview/product-telemetry/),https://docs.nginx.com/nginx-gateway-fabric/overview/product-telemetry,contextual,,docs.nginx.com
docs/24-secondary-products.md,https://documentation.gravitee.io/apim/4.6/hybrid-deployment/overview),https://documentation.gravitee.io/apim/4.6/hybrid-deployment/overview,contextual,,documentation.gravitee.io
docs/24-secondary-products.md,https://documentation.gravitee.io/apim/hybrid-installation-and-configuration-guides),https://documentation.gravitee.io/apim/hybrid-installation-and-configuration-guides,contextual,,documentation.gravitee.io
docs/24-secondary-products.md,https://documentation.gravitee.io/apim/hybrid-installation-and-configuration-guides/next-gen-cloud/link-to-a-hybrid-gateway),https://documentation.gravitee.io/apim/hybrid-installation-and-configuration-guides/next-gen-cloud/link-to-a-hybrid-gateway,contextual,,documentation.gravitee.io
docs/24-secondary-products.md,https://documentation.gravitee.io/apim/overview/readme/architecture),https://documentation.gravitee.io/apim/overview/readme/architecture,contextual,,documentation.gravitee.io
docs/24-secondary-products.md,https://documentation.gravitee.io/gravitee-cloud/guides/gravitee-hosted-gateways),https://documentation.gravitee.io/gravitee-cloud/guides/gravitee-hosted-gateways,contextual,,documentation.gravitee.io
docs/24-secondary-products.md,https://gateway.envoyproxy.io/docs/concepts/gateway_api_extensions/),https://gateway.envoyproxy.io/docs/concepts/gateway_api_extensions,contextual,,gateway.envoyproxy.io
docs/24-secondary-products.md,https://gateway.envoyproxy.io/docs/concepts/proxy/),https://gateway.envoyproxy.io/docs/concepts/proxy,contextual,,gateway.envoyproxy.io
docs/24-secondary-products.md,https://gateway.envoyproxy.io/docs/concepts/rate-limiting/),https://gateway.envoyproxy.io/docs/concepts/rate-limiting,contextual,,gateway.envoyproxy.io
docs/24-secondary-products.md,https://gateway.envoyproxy.io/news/releases/),https://gateway.envoyproxy.io/news/releases,contextual,,gateway.envoyproxy.io
docs/24-secondary-products.md,https://gateway.envoyproxy.io/news/releases/matrix/),https://gateway.envoyproxy.io/news/releases/matrix,contextual,,gateway.envoyproxy.io
docs/24-secondary-products.md,https://istio.io/latest/docs/ambient/architecture/control-plane/),https://istio.io/latest/docs/ambient/architecture/control-plane,contextual,,istio.io
docs/24-secondary-products.md,https://istio.io/latest/docs/ambient/install/multicluster/),https://istio.io/latest/docs/ambient/install/multicluster,contextual,,istio.io
docs/24-secondary-products.md,https://istio.io/latest/docs/ops/deployment/architecture/),https://istio.io/latest/docs/ops/deployment/architecture,contextual,,istio.io
docs/24-secondary-products.md,https://istio.io/latest/docs/tasks/traffic-management/ingress/gateway-api/),https://istio.io/latest/docs/tasks/traffic-management/ingress/gateway-api,contextual,,istio.io
docs/24-secondary-products.md,https://tyk.io/docs/api-management/mdcb/),https://tyk.io/docs/api-management/mdcb,contextual,,tyk.io
docs/25-security-comparison.md,https://developer.konghq.com/gateway/hybrid-mode/),https://developer.konghq.com/gateway/hybrid-mode,registered,K-001,developer.konghq.com
docs/25-security-comparison.md,https://developer.konghq.com/gateway/secrets-management/),https://developer.konghq.com/gateway/secrets-management,contextual,,developer.konghq.com
docs/25-security-comparison.md,https://developer.konghq.com/konnect-platform/network/),https://developer.konghq.com/konnect-platform/network,contextual,,developer.konghq.com
docs/25-security-comparison.md,https://developer.konghq.com/plugins/mtls-auth/),https://developer.konghq.com/plugins/mtls-auth,contextual,,developer.konghq.com
docs/25-security-comparison.md,https://developer.konghq.com/plugins/openid-connect/),https://developer.konghq.com/plugins/openid-connect,contextual,,developer.konghq.com
docs/25-security-comparison.md,https://docs.cloud.google.com/apigee/docs/hybrid/v1.16/key-encryption.html),https://docs.cloud.google.com/apigee/docs/hybrid/v1.16/key-encryption.html,contextual,,docs.cloud.google.com
docs/25-security-comparison.md,https://docs.cloud.google.com/apigee/docs/hybrid/v1.16/sa-authentication-methods),https://docs.cloud.google.com/apigee/docs/hybrid/v1.16/sa-authentication-methods,contextual,,docs.cloud.google.com
docs/25-security-comparison.md,https://docs.cloud.google.com/apigee/docs/hybrid/v1.16/what-is-hybrid),https://docs.cloud.google.com/apigee/docs/hybrid/v1.16/what-is-hybrid,registered,G-005,docs.cloud.google.com
docs/25-security-comparison.md,https://docs.cloud.google.com/architecture/best-practices-securing-applications-and-apis-using-apigee),https://docs.cloud.google.com/architecture/best-practices-securing-applications-and-apis-using-apigee,contextual,,docs.cloud.google.com
docs/25-security-comparison.md,https://docs.mulesoft.com/access-management/audit-logging),https://docs.mulesoft.com/access-management/audit-logging,contextual,,docs.mulesoft.com
docs/25-security-comparison.md,https://docs.mulesoft.com/api-manager/latest/about-configure-api-for-oauth),https://docs.mulesoft.com/api-manager/latest/about-configure-api-for-oauth,contextual,,docs.mulesoft.com
docs/25-security-comparison.md,https://docs.mulesoft.com/gateway/latest/policies-included-tls),https://docs.mulesoft.com/gateway/latest/policies-included-tls,contextual,,docs.mulesoft.com
docs/25-security-comparison.md,https://docs.mulesoft.com/mule-gateway/policies-included-json-threat-protection),https://docs.mulesoft.com/mule-gateway/policies-included-json-threat-protection,contextual,,docs.mulesoft.com
docs/25-security-comparison.md,https://docs.mulesoft.com/mule-gateway/policies-included-jwt-validation),https://docs.mulesoft.com/mule-gateway/policies-included-jwt-validation,contextual,,docs.mulesoft.com
docs/25-security-comparison.md,https://docs.mulesoft.com/runtime-fabric/latest/),https://docs.mulesoft.com/runtime-fabric/latest,contextual,,docs.mulesoft.com
docs/25-security-comparison.md,https://docs.mulesoft.com/runtime-fabric/latest/security-architecture),https://docs.mulesoft.com/runtime-fabric/latest/security-architecture,contextual,,docs.mulesoft.com
docs/25-security-comparison.md,https://learn.microsoft.com/en-us/azure/api-management/api-management-howto-configure-custom-domain-gateway),https://learn.microsoft.com/en-us/azure/api-management/api-management-howto-configure-custom-domain-gateway,contextual,,learn.microsoft.com
docs/25-security-comparison.md,https://learn.microsoft.com/en-us/azure/api-management/api-management-howto-use-managed-service-identity),https://learn.microsoft.com/en-us/azure/api-management/api-management-howto-use-managed-service-identity,contextual,,learn.microsoft.com
docs/25-security-comparison.md,https://learn.microsoft.com/en-us/azure/api-management/authentication-authorization-overview),https://learn.microsoft.com/en-us/azure/api-management/authentication-authorization-overview,contextual,,learn.microsoft.com
docs/25-security-comparison.md,https://learn.microsoft.com/en-us/azure/api-management/self-hosted-gateway-authentication-options),https://learn.microsoft.com/en-us/azure/api-management/self-hosted-gateway-authentication-options,contextual,,learn.microsoft.com
docs/26-networking-comparison.md,https://developer.konghq.com/gateway/hybrid-mode/),https://developer.konghq.com/gateway/hybrid-mode,registered,K-001,developer.konghq.com
docs/26-networking-comparison.md,https://developer.konghq.com/konnect-platform/network/),https://developer.konghq.com/konnect-platform/network,contextual,,developer.konghq.com
docs/26-networking-comparison.md,https://docs.cloud.google.com/apigee/docs/api-platform/architecture/overview),https://docs.cloud.google.com/apigee/docs/api-platform/architecture/overview,contextual,,docs.cloud.google.com
docs/26-networking-comparison.md,https://docs.cloud.google.com/apigee/docs/api-platform/system-administration/northbound-networking-psc),https://docs.cloud.google.com/apigee/docs/api-platform/system-administration/northbound-networking-psc,contextual,,docs.cloud.google.com
docs/26-networking-comparison.md,https://docs.cloud.google.com/apigee/docs/hybrid/v1.16/ports.html),https://docs.cloud.google.com/apigee/docs/hybrid/v1.16/ports.html,contextual,,docs.cloud.google.com
docs/26-networking-comparison.md,https://docs.cloud.google.com/apigee/docs/hybrid/v1.16/service-config.html),https://docs.cloud.google.com/apigee/docs/hybrid/v1.16/service-config.html,contextual,,docs.cloud.google.com
docs/26-networking-comparison.md,https://docs.mulesoft.com/runtime-fabric/2.9/install-self-managed-network-configuration),https://docs.mulesoft.com/runtime-fabric/2.9/install-self-managed-network-configuration,contextual,,docs.mulesoft.com
docs/26-networking-comparison.md,https://docs.mulesoft.com/runtime-fabric/latest/),https://docs.mulesoft.com/runtime-fabric/latest,contextual,,docs.mulesoft.com
docs/26-networking-comparison.md,https://docs.mulesoft.com/runtime-fabric/latest/app-to-app-requests),https://docs.mulesoft.com/runtime-fabric/latest/app-to-app-requests,contextual,,docs.mulesoft.com
docs/26-networking-comparison.md,https://docs.mulesoft.com/runtime-fabric/latest/security-architecture),https://docs.mulesoft.com/runtime-fabric/latest/security-architecture,contextual,,docs.mulesoft.com
docs/26-networking-comparison.md,https://docs.mulesoft.com/runtime-fabric/latest/use-anypoint-monitoring),https://docs.mulesoft.com/runtime-fabric/latest/use-anypoint-monitoring,contextual,,docs.mulesoft.com
docs/26-networking-comparison.md,https://learn.microsoft.com/en-us/azure/api-management/api-management-howto-configure-custom-domain-gateway),https://learn.microsoft.com/en-us/azure/api-management/api-management-howto-configure-custom-domain-gateway,contextual,,learn.microsoft.com
docs/26-networking-comparison.md,https://learn.microsoft.com/en-us/azure/api-management/api-management-using-with-internal-vnet),https://learn.microsoft.com/en-us/azure/api-management/api-management-using-with-internal-vnet,contextual,,learn.microsoft.com
docs/26-networking-comparison.md,https://learn.microsoft.com/en-us/azure/api-management/breaking-changes/trusted-service-connectivity-retirement-march-2026),https://learn.microsoft.com/en-us/azure/api-management/breaking-changes/trusted-service-connectivity-retirement-march-2026,contextual,,learn.microsoft.com
docs/26-networking-comparison.md,https://learn.microsoft.com/en-us/azure/api-management/how-to-self-hosted-gateway-on-kubernetes-in-production),https://learn.microsoft.com/en-us/azure/api-management/how-to-self-hosted-gateway-on-kubernetes-in-production,contextual,,learn.microsoft.com
docs/26-networking-comparison.md,https://learn.microsoft.com/en-us/azure/api-management/self-hosted-gateway-overview),https://learn.microsoft.com/en-us/azure/api-management/self-hosted-gateway-overview,registered,M-002,learn.microsoft.com
docs/27-hybrid-multicloud-comparison.md,https://developer.konghq.com/gateway/hybrid-mode/),https://developer.konghq.com/gateway/hybrid-mode,registered,K-001,developer.konghq.com
docs/27-hybrid-multicloud-comparison.md,https://developer.konghq.com/konnect-platform/network/),https://developer.konghq.com/konnect-platform/network,contextual,,developer.konghq.com
docs/27-hybrid-multicloud-comparison.md,https://docs.cloud.google.com/apigee/docs/api-platform/get-started/apigee-feature-summary),https://docs.cloud.google.com/apigee/docs/api-platform/get-started/apigee-feature-summary,contextual,,docs.cloud.google.com
docs/27-hybrid-multicloud-comparison.md,https://docs.cloud.google.com/apigee/docs/hybrid/v1.16/what-is-hybrid),https://docs.cloud.google.com/apigee/docs/hybrid/v1.16/what-is-hybrid,registered,G-005,docs.cloud.google.com
docs/27-hybrid-multicloud-comparison.md,https://docs.mulesoft.com/runtime-fabric/latest/),https://docs.mulesoft.com/runtime-fabric/latest,contextual,,docs.mulesoft.com
docs/27-hybrid-multicloud-comparison.md,https://docs.mulesoft.com/runtime-fabric/latest/security-architecture),https://docs.mulesoft.com/runtime-fabric/latest/security-architecture,contextual,,docs.mulesoft.com
docs/27-hybrid-multicloud-comparison.md,https://gateway-api.sigs.k8s.io/docs/concepts/conformance/),https://gateway-api.sigs.k8s.io/docs/concepts/conformance,contextual,,gateway-api.sigs.k8s.io
docs/27-hybrid-multicloud-comparison.md,https://gateway-api.sigs.k8s.io/reference/policy-attachment/),https://gateway-api.sigs.k8s.io/reference/policy-attachment,contextual,,gateway-api.sigs.k8s.io
docs/27-hybrid-multicloud-comparison.md,https://kubernetes.io/docs/concepts/services-networking/gateway/),https://kubernetes.io/docs/concepts/services-networking/gateway,contextual,,kubernetes.io
docs/27-hybrid-multicloud-comparison.md,https://learn.microsoft.com/en-us/azure/api-management/api-management-gateways-overview),https://learn.microsoft.com/en-us/azure/api-management/api-management-gateways-overview,registered,M-001,learn.microsoft.com
docs/27-hybrid-multicloud-comparison.md,https://learn.microsoft.com/en-us/azure/api-management/self-hosted-gateway-overview),https://learn.microsoft.com/en-us/azure/api-management/self-hosted-gateway-overview,registered,M-002,learn.microsoft.com
docs/28-kubernetes-comparison.md,https://developer.konghq.com/kubernetes-ingress-controller/faq/upgrading-ingress-controller/),https://developer.konghq.com/kubernetes-ingress-controller/faq/upgrading-ingress-controller,contextual,,developer.konghq.com
docs/28-kubernetes-comparison.md,https://developer.konghq.com/kubernetes-ingress-controller/gateway-api/),https://developer.konghq.com/kubernetes-ingress-controller/gateway-api,registered,K-004,developer.konghq.com
docs/28-kubernetes-comparison.md,https://developer.konghq.com/kubernetes-ingress-controller/version-compatibility/),https://developer.konghq.com/kubernetes-ingress-controller/version-compatibility,contextual,,developer.konghq.com
docs/28-kubernetes-comparison.md,https://docs.cloud.google.com/apigee/docs/hybrid/supported-platforms),https://docs.cloud.google.com/apigee/docs/hybrid/supported-platforms,contextual,,docs.cloud.google.com
docs/28-kubernetes-comparison.md,https://docs.cloud.google.com/apigee/docs/hybrid/v1.16/helm-reference),https://docs.cloud.google.com/apigee/docs/hybrid/v1.16/helm-reference,contextual,,docs.cloud.google.com
docs/28-kubernetes-comparison.md,https://docs.cloud.google.com/apigee/docs/hybrid/v1.16/sa-authentication-methods),https://docs.cloud.google.com/apigee/docs/hybrid/v1.16/sa-authentication-methods,contextual,,docs.cloud.google.com
docs/28-kubernetes-comparison.md,https://docs.cloud.google.com/apigee/docs/hybrid/v1.16/service-config.html),https://docs.cloud.google.com/apigee/docs/hybrid/v1.16/service-config.html,contextual,,docs.cloud.google.com
docs/28-kubernetes-comparison.md,https://docs.mulesoft.com/runtime-fabric/latest/),https://docs.mulesoft.com/runtime-fabric/latest,contextual,,docs.mulesoft.com
docs/28-kubernetes-comparison.md,https://docs.mulesoft.com/runtime-fabric/latest/install-helm),https://docs.mulesoft.com/runtime-fabric/latest/install-helm,contextual,,docs.mulesoft.com
docs/28-kubernetes-comparison.md,https://docs.mulesoft.com/runtime-fabric/latest/security-architecture),https://docs.mulesoft.com/runtime-fabric/latest/security-architecture,contextual,,docs.mulesoft.com
docs/28-kubernetes-comparison.md,https://gateway-api.sigs.k8s.io/docs/concepts/api-overview/),https://gateway-api.sigs.k8s.io/docs/concepts/api-overview,contextual,,gateway-api.sigs.k8s.io
docs/28-kubernetes-comparison.md,https://gateway-api.sigs.k8s.io/reference/policy-attachment/),https://gateway-api.sigs.k8s.io/reference/policy-attachment,contextual,,gateway-api.sigs.k8s.io
docs/28-kubernetes-comparison.md,https://kubernetes.io/docs/concepts/services-networking/gateway/),https://kubernetes.io/docs/concepts/services-networking/gateway,contextual,,kubernetes.io
docs/28-kubernetes-comparison.md,https://kubernetes.io/docs/concepts/workloads/pods/disruptions/),https://kubernetes.io/docs/concepts/workloads/pods/disruptions,registered,K8S-002,kubernetes.io
docs/28-kubernetes-comparison.md,https://learn.microsoft.com/en-us/azure/api-management/how-to-self-hosted-gateway-on-kubernetes-in-production),https://learn.microsoft.com/en-us/azure/api-management/how-to-self-hosted-gateway-on-kubernetes-in-production,contextual,,learn.microsoft.com
docs/28-kubernetes-comparison.md,https://learn.microsoft.com/en-us/azure/api-management/self-hosted-gateway-authentication-options),https://learn.microsoft.com/en-us/azure/api-management/self-hosted-gateway-authentication-options,contextual,,learn.microsoft.com
docs/28-kubernetes-comparison.md,https://learn.microsoft.com/en-us/azure/api-management/self-hosted-gateway-support-policies),https://learn.microsoft.com/en-us/azure/api-management/self-hosted-gateway-support-policies,registered,M-003,learn.microsoft.com
docs/29-apiops-governance.md,https://developer.konghq.com/deck/gateway/),https://developer.konghq.com/deck/gateway,registered,K-006,developer.konghq.com
docs/29-apiops-governance.md,https://docs.cloud.google.com/apigee/docs/api-platform/local-development/vscode/deploy-environment),https://docs.cloud.google.com/apigee/docs/api-platform/local-development/vscode/deploy-environment,contextual,,docs.cloud.google.com
docs/29-apiops-governance.md,https://docs.cloud.google.com/apigee/docs/api-platform/reference/api-proxy-configuration-reference),https://docs.cloud.google.com/apigee/docs/api-platform/reference/api-proxy-configuration-reference,registered,G-007,docs.cloud.google.com
docs/29-apiops-governance.md,https://docs.cloud.google.com/apigee/docs/reference/apis/apigee/rest),https://docs.cloud.google.com/apigee/docs/reference/apis/apigee/rest,contextual,,docs.cloud.google.com
docs/29-apiops-governance.md,https://docs.mulesoft.com/anypoint-cli/latest/api-governance),https://docs.mulesoft.com/anypoint-cli/latest/api-governance,contextual,,docs.mulesoft.com
docs/29-apiops-governance.md,https://docs.mulesoft.com/api-governance/),https://docs.mulesoft.com/api-governance,contextual,,docs.mulesoft.com
docs/29-apiops-governance.md,https://docs.mulesoft.com/api-governance/find-conformance-issues),https://docs.mulesoft.com/api-governance/find-conformance-issues,contextual,,docs.mulesoft.com
docs/29-apiops-governance.md,https://docs.mulesoft.com/api-manager/latest/manage-policies-overview),https://docs.mulesoft.com/api-manager/latest/manage-policies-overview,registered,MU-002,docs.mulesoft.com
docs/29-apiops-governance.md,https://github.com/Azure/apiops),https://github.com/Azure/apiops,contextual,,github.com
docs/29-apiops-governance.md,https://learn.microsoft.com/en-us/azure/api-management/workspaces-overview),https://learn.microsoft.com/en-us/azure/api-management/workspaces-overview,registered,M-004,learn.microsoft.com
docs/30-developer-portal-api-products.md,https://developer.konghq.com/dev-portal/),https://developer.konghq.com/dev-portal,contextual,,developer.konghq.com
docs/30-developer-portal-api-products.md,https://developer.konghq.com/dev-portal/developer-rbac/),https://developer.konghq.com/dev-portal/developer-rbac,contextual,,developer.konghq.com
docs/30-developer-portal-api-products.md,https://developer.konghq.com/dev-portal/dynamic-client-registration/),https://developer.konghq.com/dev-portal/dynamic-client-registration,contextual,,developer.konghq.com
docs/30-developer-portal-api-products.md,https://developer.konghq.com/dev-portal/self-service/),https://developer.konghq.com/dev-portal/self-service,contextual,,developer.konghq.com
docs/30-developer-portal-api-products.md,https://docs.cloud.google.com/apigee/docs/api-platform/publish/create-api-products),https://docs.cloud.google.com/apigee/docs/api-platform/publish/create-api-products,contextual,,docs.cloud.google.com
docs/30-developer-portal-api-products.md,https://docs.cloud.google.com/apigee/docs/api-platform/publish/creating-apps-surface-your-api),https://docs.cloud.google.com/apigee/docs/api-platform/publish/creating-apps-surface-your-api,contextual,,docs.cloud.google.com
docs/30-developer-portal-api-products.md,https://docs.cloud.google.com/apigee/docs/api-platform/security/registering-client-apps),https://docs.cloud.google.com/apigee/docs/api-platform/security/registering-client-apps,contextual,,docs.cloud.google.com
docs/30-developer-portal-api-products.md,https://docs.mulesoft.com/api-manager/latest/api-contracts-landing-page),https://docs.mulesoft.com/api-manager/latest/api-contracts-landing-page,contextual,,docs.mulesoft.com
docs/30-developer-portal-api-products.md,https://docs.mulesoft.com/api-manager/latest/manage-client-apps-connected-apps-concept),https://docs.mulesoft.com/api-manager/latest/manage-client-apps-connected-apps-concept,contextual,,docs.mulesoft.com
docs/30-developer-portal-api-products.md,https://docs.mulesoft.com/api-manager/latest/manage-client-apps-latest-task),https://docs.mulesoft.com/api-manager/latest/manage-client-apps-latest-task,contextual,,docs.mulesoft.com
docs/30-developer-portal-api-products.md,https://docs.mulesoft.com/exchange/about-portals),https://docs.mulesoft.com/exchange/about-portals,contextual,,docs.mulesoft.com
docs/30-developer-portal-api-products.md,https://docs.mulesoft.com/exchange/exchange-api),https://docs.mulesoft.com/exchange/exchange-api,contextual,,docs.mulesoft.com
docs/30-developer-portal-api-products.md,https://docs.mulesoft.com/exchange/to-request-access),https://docs.mulesoft.com/exchange/to-request-access,contextual,,docs.mulesoft.com
docs/30-developer-portal-api-products.md,https://learn.microsoft.com/en-us/azure/api-management/api-management-howto-add-products),https://learn.microsoft.com/en-us/azure/api-management/api-management-howto-add-products,contextual,,learn.microsoft.com
docs/30-developer-portal-api-products.md,https://learn.microsoft.com/en-us/azure/api-management/api-management-howto-create-groups),https://learn.microsoft.com/en-us/azure/api-management/api-management-howto-create-groups,contextual,,learn.microsoft.com
docs/30-developer-portal-api-products.md,https://learn.microsoft.com/en-us/azure/api-management/api-management-subscriptions),https://learn.microsoft.com/en-us/azure/api-management/api-management-subscriptions,contextual,,learn.microsoft.com
docs/30-developer-portal-api-products.md,https://learn.microsoft.com/en-us/azure/api-management/developer-portal-overview),https://learn.microsoft.com/en-us/azure/api-management/developer-portal-overview,contextual,,learn.microsoft.com
docs/31-observability-comparison.md,https://developer.konghq.com/plugins/opentelemetry/),https://developer.konghq.com/plugins/opentelemetry,registered,K-008,developer.konghq.com
docs/31-observability-comparison.md,https://developer.konghq.com/plugins/prometheus/),https://developer.konghq.com/plugins/prometheus,registered,K-007,developer.konghq.com
docs/31-observability-comparison.md,https://docs.cloud.google.com/apigee/docs/api-platform/analytics/analytics-reference),https://docs.cloud.google.com/apigee/docs/api-platform/analytics/analytics-reference,contextual,,docs.cloud.google.com
docs/31-observability-comparison.md,https://docs.cloud.google.com/apigee/docs/api-platform/analytics/analytics-services-overview),https://docs.cloud.google.com/apigee/docs/api-platform/analytics/analytics-services-overview,contextual,,docs.cloud.google.com
docs/31-observability-comparison.md,https://docs.cloud.google.com/apigee/docs/hybrid/v1.16/metrics-collection),https://docs.cloud.google.com/apigee/docs/hybrid/v1.16/metrics-collection,contextual,,docs.cloud.google.com
docs/31-observability-comparison.md,https://docs.cloud.google.com/apigee/docs/hybrid/v1.16/metrics-view),https://docs.cloud.google.com/apigee/docs/hybrid/v1.16/metrics-view,contextual,,docs.cloud.google.com
docs/31-observability-comparison.md,https://docs.mulesoft.com/access-management/audit-logging),https://docs.mulesoft.com/access-management/audit-logging,contextual,,docs.mulesoft.com
docs/31-observability-comparison.md,https://docs.mulesoft.com/runtime-fabric/latest/use-anypoint-monitoring),https://docs.mulesoft.com/runtime-fabric/latest/use-anypoint-monitoring,contextual,,docs.mulesoft.com
docs/31-observability-comparison.md,https://learn.microsoft.com/en-us/azure/api-management/api-management-howto-app-insights),https://learn.microsoft.com/en-us/azure/api-management/api-management-howto-app-insights,contextual,,learn.microsoft.com
docs/31-observability-comparison.md,https://learn.microsoft.com/en-us/azure/api-management/how-to-deploy-self-hosted-gateway-kubernetes-opentelemetry),https://learn.microsoft.com/en-us/azure/api-management/how-to-deploy-self-hosted-gateway-kubernetes-opentelemetry,contextual,,learn.microsoft.com
docs/31-observability-comparison.md,https://learn.microsoft.com/en-us/azure/api-management/monitor-api-management),https://learn.microsoft.com/en-us/azure/api-management/monitor-api-management,contextual,,learn.microsoft.com
docs/31-observability-comparison.md,https://learn.microsoft.com/en-us/azure/api-management/observability),https://learn.microsoft.com/en-us/azure/api-management/observability,contextual,,learn.microsoft.com
docs/32-performance-resilience.md,https://cert-manager.io/docs/usage/certificate/)),https://cert-manager.io/docs/usage/certificate,contextual,,cert-manager.io
docs/32-performance-resilience.md,https://kubernetes.io/docs/concepts/configuration/secret/)),https://kubernetes.io/docs/concepts/configuration/secret,registered,K8S-004,kubernetes.io
docs/32-performance-resilience.md,https://kubernetes.io/docs/concepts/workloads/pods/disruptions/)),https://kubernetes.io/docs/concepts/workloads/pods/disruptions,registered,K8S-002,kubernetes.io
docs/32-performance-resilience.md,https://learn.microsoft.com/en-us/azure/aks/reliability-multi-region-deployment-models),https://learn.microsoft.com/en-us/azure/aks/reliability-multi-region-deployment-models,contextual,,learn.microsoft.com
docs/32-performance-resilience.md,https://learn.microsoft.com/en-us/azure/reliability/reliability-aks),https://learn.microsoft.com/en-us/azure/reliability/reliability-aks,contextual,,learn.microsoft.com
docs/32-performance-resilience.md,https://opentelemetry.io/docs/collector/internal-telemetry/)),https://opentelemetry.io/docs/collector/internal-telemetry,contextual,,opentelemetry.io
docs/32-performance-resilience.md,https://spec.openapis.org/oas/latest.html)),https://spec.openapis.org/oas/latest.html,contextual,,spec.openapis.org
docs/32-performance-resilience.md,https://sre.google/workbook/alerting-on-slos/),https://sre.google/workbook/alerting-on-slos,contextual,,sre.google
docs/32-performance-resilience.md,https://www.rfc-editor.org/rfc/rfc9110.html)),https://www.rfc-editor.org/rfc/rfc9110.html,registered,RFC-001,www.rfc-editor.org
docs/33-operating-model.md,https://kubernetes.io/docs/concepts/workloads/pods/disruptions/),https://kubernetes.io/docs/concepts/workloads/pods/disruptions,registered,K8S-002,kubernetes.io
docs/33-operating-model.md,https://opentelemetry.io/docs/collector/internal-telemetry/),https://opentelemetry.io/docs/collector/internal-telemetry,contextual,,opentelemetry.io
docs/33-operating-model.md,https://spec.openapis.org/oas/latest.html),https://spec.openapis.org/oas/latest.html,contextual,,spec.openapis.org
docs/33-operating-model.md,https://sre.google/workbook/alerting-on-slos/),https://sre.google/workbook/alerting-on-slos,contextual,,sre.google
docs/33-operating-model.md,https://sre.google/workbook/error-budget-policy/),https://sre.google/workbook/error-budget-policy,contextual,,sre.google
docs/33-operating-model.md,https://www.osfi-bsif.gc.ca/en/guidance/guidance-library/technology-cyber-risk-management),https://www.osfi-bsif.gc.ca/en/guidance/guidance-library/technology-cyber-risk-management,contextual,,www.osfi-bsif.gc.ca
docs/34-pcf-aks-consolidation.md,https://docs.cloudfoundry.org/devguide/deploy-apps/blue-green.html),https://docs.cloudfoundry.org/devguide/deploy-apps/blue-green.html,contextual,,docs.cloudfoundry.org
docs/34-pcf-aks-consolidation.md,https://docs.cloudfoundry.org/devguide/deploy-apps/routes-domains.html)),https://docs.cloudfoundry.org/devguide/deploy-apps/routes-domains.html,contextual,,docs.cloudfoundry.org
docs/34-pcf-aks-consolidation.md,https://gateway-api.sigs.k8s.io/guides/user-guides/traffic-splitting/)),https://gateway-api.sigs.k8s.io/guides/user-guides/traffic-splitting,contextual,,gateway-api.sigs.k8s.io
docs/34-pcf-aks-consolidation.md,https://kubernetes.io/docs/concepts/configuration/secret/)),https://kubernetes.io/docs/concepts/configuration/secret,registered,K8S-004,kubernetes.io
docs/34-pcf-aks-consolidation.md,https://kubernetes.io/docs/concepts/workloads/pods/disruptions/)),https://kubernetes.io/docs/concepts/workloads/pods/disruptions,registered,K8S-002,kubernetes.io
docs/34-pcf-aks-consolidation.md,https://learn.microsoft.com/en-us/azure/aks/core-aks-concepts),https://learn.microsoft.com/en-us/azure/aks/core-aks-concepts,contextual,,learn.microsoft.com
docs/34-pcf-aks-consolidation.md,https://learn.microsoft.com/en-us/azure/aks/reliability-multi-region-deployment-models)),https://learn.microsoft.com/en-us/azure/aks/reliability-multi-region-deployment-models,contextual,,learn.microsoft.com
docs/34-pcf-aks-consolidation.md,https://learn.microsoft.com/en-us/azure/reliability/reliability-aks),https://learn.microsoft.com/en-us/azure/reliability/reliability-aks,contextual,,learn.microsoft.com
docs/34-pcf-aks-consolidation.md,https://opentelemetry.io/docs/collector/internal-telemetry/),https://opentelemetry.io/docs/collector/internal-telemetry,contextual,,opentelemetry.io
docs/34-pcf-aks-consolidation.md,https://spec.openapis.org/oas/latest.html)),https://spec.openapis.org/oas/latest.html,contextual,,spec.openapis.org
docs/34-pcf-aks-consolidation.md,https://www.rfc-editor.org/rfc/rfc9110.html)),https://www.rfc-editor.org/rfc/rfc9110.html,registered,RFC-001,www.rfc-editor.org
docs/35-mule-migration-strategy.md,https://docs.mulesoft.com/mule-runtime/latest/hadr-guide),https://docs.mulesoft.com/mule-runtime/latest/hadr-guide,contextual,,docs.mulesoft.com
docs/35-mule-migration-strategy.md,https://docs.mulesoft.com/mule-runtime/latest/idempotent-message-validator)),https://docs.mulesoft.com/mule-runtime/latest/idempotent-message-validator,contextual,,docs.mulesoft.com
docs/35-mule-migration-strategy.md,https://docs.mulesoft.com/mule-runtime/latest/mule-high-availability-ha-clusters)),https://docs.mulesoft.com/mule-runtime/latest/mule-high-availability-ha-clusters,registered,MU-005,docs.mulesoft.com
docs/35-mule-migration-strategy.md,https://docs.mulesoft.com/runtime-manager/deployment-strategies)),https://docs.mulesoft.com/runtime-manager/deployment-strategies,contextual,,docs.mulesoft.com
docs/35-mule-migration-strategy.md,https://learn.microsoft.com/en-us/azure/aks/reliability-multi-region-deployment-models),https://learn.microsoft.com/en-us/azure/aks/reliability-multi-region-deployment-models,contextual,,learn.microsoft.com
docs/35-mule-migration-strategy.md,https://opentelemetry.io/docs/collector/internal-telemetry/)),https://opentelemetry.io/docs/collector/internal-telemetry,contextual,,opentelemetry.io
docs/35-mule-migration-strategy.md,https://spec.openapis.org/oas/latest.html),https://spec.openapis.org/oas/latest.html,contextual,,spec.openapis.org
docs/35-mule-migration-strategy.md,https://www.rfc-editor.org/rfc/rfc9110.html),https://www.rfc-editor.org/rfc/rfc9110.html,registered,RFC-001,www.rfc-editor.org
docs/40-audience-guide.md,https://tomqwu.github.io/apim/#/audiences),https://tomqwu.github.io/apim,contextual,,tomqwu.github.io
docs/41-enterprise-reference-case.md,https://kubernetes.io/docs/concepts/configuration/secret/)),https://kubernetes.io/docs/concepts/configuration/secret,registered,K8S-004,kubernetes.io
docs/41-enterprise-reference-case.md,https://kubernetes.io/docs/concepts/workloads/pods/disruptions/)),https://kubernetes.io/docs/concepts/workloads/pods/disruptions,registered,K8S-002,kubernetes.io
docs/41-enterprise-reference-case.md,https://learn.microsoft.com/en-us/azure/aks/core-aks-concepts),https://learn.microsoft.com/en-us/azure/aks/core-aks-concepts,contextual,,learn.microsoft.com
docs/41-enterprise-reference-case.md,https://learn.microsoft.com/en-us/azure/aks/reliability-multi-region-deployment-models),https://learn.microsoft.com/en-us/azure/aks/reliability-multi-region-deployment-models,contextual,,learn.microsoft.com
docs/41-enterprise-reference-case.md,https://learn.microsoft.com/en-us/azure/reliability/reliability-aks),https://learn.microsoft.com/en-us/azure/reliability/reliability-aks,contextual,,learn.microsoft.com
docs/41-enterprise-reference-case.md,https://opentelemetry.io/docs/collector/internal-telemetry/),https://opentelemetry.io/docs/collector/internal-telemetry,contextual,,opentelemetry.io
docs/41-enterprise-reference-case.md,https://spec.openapis.org/oas/latest.html),https://spec.openapis.org/oas/latest.html,contextual,,spec.openapis.org
docs/41-enterprise-reference-case.md,https://sre.google/workbook/alerting-on-slos/),https://sre.google/workbook/alerting-on-slos,contextual,,sre.google
docs/41-enterprise-reference-case.md,https://www.osfi-bsif.gc.ca/en/guidance/guidance-library/technology-cyber-risk-management),https://www.osfi-bsif.gc.ca/en/guidance/guidance-library/technology-cyber-risk-management,contextual,,www.osfi-bsif.gc.ca
docs/41-enterprise-reference-case.md,https://www.rfc-editor.org/rfc/rfc8705.html),https://www.rfc-editor.org/rfc/rfc8705.html,contextual,,www.rfc-editor.org
docs/41-enterprise-reference-case.md,https://www.rfc-editor.org/rfc/rfc9110.html)),https://www.rfc-editor.org/rfc/rfc9110.html,registered,RFC-001,www.rfc-editor.org
docs/41-enterprise-reference-case.md,https://www.rfc-editor.org/rfc/rfc9700.html),https://www.rfc-editor.org/rfc/rfc9700.html,contextual,,www.rfc-editor.org
docs/42-public-failure-casebook.md,https://blog.cloudflare.com/18-november-2025-outage/),https://blog.cloudflare.com/18-november-2025-outage,registered,PUB-005,blog.cloudflare.com
docs/42-public-failure-casebook.md,https://blog.cloudflare.com/details-of-the-cloudflare-outage-on-july-2-2019/),https://blog.cloudflare.com/details-of-the-cloudflare-outage-on-july-2-2019,registered,PUB-001,blog.cloudflare.com
docs/42-public-failure-casebook.md,https://github.blog/news-insights/company-news/oct21-post-incident-analysis/),https://github.blog/news-insights/company-news/oct21-post-incident-analysis,registered,PUB-003,github.blog
docs/42-public-failure-casebook.md,https://letsencrypt.org/ca/docs/dst-root-ca-x3-expiration-september-2021/),https://letsencrypt.org/ca/docs/dst-root-ca-x3-expiration-september-2021,registered,PUB-004,letsencrypt.org
docs/42-public-failure-casebook.md,https://www.fastly.com/blog/summary-of-june-8-outage),https://www.fastly.com/blog/summary-of-june-8-outage,registered,PUB-002,www.fastly.com
docs/43-api-management-industry-problems.md,https://csrc.nist.gov/pubs/sp/800/207/a/final)),https://csrc.nist.gov/pubs/sp/800/207/a/final,contextual,,csrc.nist.gov
docs/43-api-management-industry-problems.md,https://csrc.nist.gov/pubs/sp/800/207/final),https://csrc.nist.gov/pubs/sp/800/207/final,contextual,,csrc.nist.gov
docs/43-api-management-industry-problems.md,https://developer.konghq.com/catalog/apis/),https://developer.konghq.com/catalog/apis,contextual,,developer.konghq.com
docs/43-api-management-industry-problems.md,https://developer.konghq.com/deck/apiops/continuous-integration/),https://developer.konghq.com/deck/apiops/continuous-integration,contextual,,developer.konghq.com
docs/43-api-management-industry-problems.md,https://developer.konghq.com/dev-portal/),https://developer.konghq.com/dev-portal,contextual,,developer.konghq.com
docs/43-api-management-industry-problems.md,https://developer.konghq.com/gateway/),https://developer.konghq.com/gateway,contextual,,developer.konghq.com
docs/43-api-management-industry-problems.md,https://developer.konghq.com/gateway/hybrid-mode/),https://developer.konghq.com/gateway/hybrid-mode,registered,K-001,developer.konghq.com
docs/43-api-management-industry-problems.md,https://developer.konghq.com/gateway/monitoring/),https://developer.konghq.com/gateway/monitoring,contextual,,developer.konghq.com
docs/43-api-management-industry-problems.md,https://developer.konghq.com/gateway/rate-limiting/),https://developer.konghq.com/gateway/rate-limiting,contextual,,developer.konghq.com
docs/43-api-management-industry-problems.md,https://docs.cloud.google.com/apigee/docs/api-monitoring),https://docs.cloud.google.com/apigee/docs/api-monitoring,contextual,,docs.cloud.google.com
docs/43-api-management-industry-problems.md,https://docs.cloud.google.com/apigee/docs/api-platform/develop/policy-attachment-and-enforcement),https://docs.cloud.google.com/apigee/docs/api-platform/develop/policy-attachment-and-enforcement,contextual,,docs.cloud.google.com
docs/43-api-management-industry-problems.md,https://docs.cloud.google.com/apigee/docs/api-platform/get-started/what-apigee),https://docs.cloud.google.com/apigee/docs/api-platform/get-started/what-apigee,contextual,,docs.cloud.google.com
docs/43-api-management-industry-problems.md,https://docs.cloud.google.com/apigee/docs/api-platform/publish/portal/build-integrated-portal),https://docs.cloud.google.com/apigee/docs/api-platform/publish/portal/build-integrated-portal,contextual,,docs.cloud.google.com
docs/43-api-management-industry-problems.md,https://docs.cloud.google.com/apigee/docs/api-platform/publish/portal/portal-interact),https://docs.cloud.google.com/apigee/docs/api-platform/publish/portal/portal-interact,contextual,,docs.cloud.google.com
docs/43-api-management-industry-problems.md,https://docs.cloud.google.com/apigee/docs/apihub/what-is-api-hub),https://docs.cloud.google.com/apigee/docs/apihub/what-is-api-hub,contextual,,docs.cloud.google.com
docs/43-api-management-industry-problems.md,https://docs.cloud.google.com/apigee/docs/hybrid/v1.16/what-is-hybrid),https://docs.cloud.google.com/apigee/docs/hybrid/v1.16/what-is-hybrid,registered,G-005,docs.cloud.google.com
docs/43-api-management-industry-problems.md,https://docs.mulesoft.com/api-governance/),https://docs.mulesoft.com/api-governance,contextual,,docs.mulesoft.com
docs/43-api-management-industry-problems.md,https://docs.mulesoft.com/api-manager/latest/latest-overview-concept)),https://docs.mulesoft.com/api-manager/latest/latest-overview-concept,registered,MU-003,docs.mulesoft.com
docs/43-api-management-industry-problems.md,https://docs.mulesoft.com/gateway/1.12/)),https://docs.mulesoft.com/gateway/1.12,contextual,,docs.mulesoft.com
docs/43-api-management-industry-problems.md,https://gateway-api.sigs.k8s.io/docs/concepts/conformance/)),https://gateway-api.sigs.k8s.io/docs/concepts/conformance,contextual,,gateway-api.sigs.k8s.io
docs/43-api-management-industry-problems.md,https://gateway-api.sigs.k8s.io/docs/concepts/roles-and-personas/),https://gateway-api.sigs.k8s.io/docs/concepts/roles-and-personas,contextual,,gateway-api.sigs.k8s.io
docs/43-api-management-industry-problems.md,https://gateway-api.sigs.k8s.io/reference/policy-attachment/)),https://gateway-api.sigs.k8s.io/reference/policy-attachment,contextual,,gateway-api.sigs.k8s.io
docs/43-api-management-industry-problems.md,https://kubernetes.io/docs/concepts/services-networking/gateway/),https://kubernetes.io/docs/concepts/services-networking/gateway,contextual,,kubernetes.io
docs/43-api-management-industry-problems.md,https://learn.microsoft.com/en-us/azure/api-center/frequently-asked-questions),https://learn.microsoft.com/en-us/azure/api-center/frequently-asked-questions,contextual,,learn.microsoft.com
docs/43-api-management-industry-problems.md,https://learn.microsoft.com/en-us/azure/api-management/api-management-gateways-overview),https://learn.microsoft.com/en-us/azure/api-management/api-management-gateways-overview,registered,M-001,learn.microsoft.com
docs/43-api-management-industry-problems.md,https://learn.microsoft.com/en-us/azure/api-management/developer-portal-overview),https://learn.microsoft.com/en-us/azure/api-management/developer-portal-overview,contextual,,learn.microsoft.com
docs/43-api-management-industry-problems.md,https://learn.microsoft.com/en-us/azure/api-management/observability),https://learn.microsoft.com/en-us/azure/api-management/observability,contextual,,learn.microsoft.com
docs/43-api-management-industry-problems.md,https://learn.microsoft.com/en-us/azure/api-management/self-hosted-gateway-overview),https://learn.microsoft.com/en-us/azure/api-management/self-hosted-gateway-overview,registered,M-002,learn.microsoft.com
docs/43-api-management-industry-problems.md,https://learn.microsoft.com/en-us/azure/api-management/workspaces-overview),https://learn.microsoft.com/en-us/azure/api-management/workspaces-overview,registered,M-004,learn.microsoft.com
docs/43-api-management-industry-problems.md,https://learn.microsoft.com/en-us/azure/well-architected/service-guides/azure-api-management)),https://learn.microsoft.com/en-us/azure/well-architected/service-guides/azure-api-management,contextual,,learn.microsoft.com
docs/43-api-management-industry-problems.md,https://opentelemetry.io/docs/collector/resiliency/)),https://opentelemetry.io/docs/collector/resiliency,contextual,,opentelemetry.io
docs/43-api-management-industry-problems.md,https://www.rfc-editor.org/info/rfc9700/)),https://www.rfc-editor.org/info/rfc9700,contextual,,www.rfc-editor.org
docs/43-api-management-industry-problems.md,https://www.rfc-editor.org/rfc/rfc9110.html)),https://www.rfc-editor.org/rfc/rfc9110.html,registered,RFC-001,www.rfc-editor.org
docs/44-kong-multicloud-study-roadmap.md,https://developer.konghq.com/ai-gateway/),https://developer.konghq.com/ai-gateway,contextual,,developer.konghq.com
docs/44-kong-multicloud-study-roadmap.md,https://developer.konghq.com/deck/gateway/)),https://developer.konghq.com/deck/gateway,registered,K-006,developer.konghq.com
docs/44-kong-multicloud-study-roadmap.md,https://developer.konghq.com/deck/gateway/sync/)),https://developer.konghq.com/deck/gateway/sync,contextual,,developer.konghq.com
docs/44-kong-multicloud-study-roadmap.md,https://developer.konghq.com/dedicated-cloud-gateways/)),https://developer.konghq.com/dedicated-cloud-gateways,contextual,,developer.konghq.com
docs/44-kong-multicloud-study-roadmap.md,https://developer.konghq.com/dedicated-cloud-gateways/network-architecture/)),https://developer.konghq.com/dedicated-cloud-gateways/network-architecture,contextual,,developer.konghq.com
docs/44-kong-multicloud-study-roadmap.md,https://developer.konghq.com/dev-portal/),https://developer.konghq.com/dev-portal,contextual,,developer.konghq.com
docs/44-kong-multicloud-study-roadmap.md,https://developer.konghq.com/dev-portal/self-service/)),https://developer.konghq.com/dev-portal/self-service,contextual,,developer.konghq.com
docs/44-kong-multicloud-study-roadmap.md,https://developer.konghq.com/event-gateway/architecture/)),https://developer.konghq.com/event-gateway/architecture,contextual,,developer.konghq.com
docs/44-kong-multicloud-study-roadmap.md,https://developer.konghq.com/gateway/control-plane-groups/)),https://developer.konghq.com/gateway/control-plane-groups,contextual,,developer.konghq.com
docs/44-kong-multicloud-study-roadmap.md,https://developer.konghq.com/gateway/cp-dp-communication/)),https://developer.konghq.com/gateway/cp-dp-communication,registered,K-002,developer.konghq.com
docs/44-kong-multicloud-study-roadmap.md,https://developer.konghq.com/gateway/deployment-topologies/)),https://developer.konghq.com/gateway/deployment-topologies,registered,K-003,developer.konghq.com
docs/44-kong-multicloud-study-roadmap.md,https://developer.konghq.com/gateway/hybrid-mode/),https://developer.konghq.com/gateway/hybrid-mode,registered,K-001,developer.konghq.com
docs/44-kong-multicloud-study-roadmap.md,https://developer.konghq.com/gateway/rate-limiting/strategies/)),https://developer.konghq.com/gateway/rate-limiting/strategies,contextual,,developer.konghq.com
docs/44-kong-multicloud-study-roadmap.md,https://developer.konghq.com/gateway/topology-hosting-options/)),https://developer.konghq.com/gateway/topology-hosting-options,registered,K-014,developer.konghq.com
docs/44-kong-multicloud-study-roadmap.md,https://developer.konghq.com/gateway/version-support-policy/)),https://developer.konghq.com/gateway/version-support-policy,contextual,,developer.konghq.com
docs/44-kong-multicloud-study-roadmap.md,https://developer.konghq.com/konnect-platform/geos/)),https://developer.konghq.com/konnect-platform/geos,contextual,,developer.konghq.com
docs/44-kong-multicloud-study-roadmap.md,https://developer.konghq.com/kubernetes-ingress-controller/),https://developer.konghq.com/kubernetes-ingress-controller,registered,K-005,developer.konghq.com
docs/44-kong-multicloud-study-roadmap.md,https://developer.konghq.com/operator/)),https://developer.konghq.com/operator,registered,K-015,developer.konghq.com
docs/44-kong-multicloud-study-roadmap.md,https://developer.konghq.com/plugins/compatibility/)),https://developer.konghq.com/plugins/compatibility,contextual,,developer.konghq.com
docs/44-kong-multicloud-study-roadmap.md,https://developer.konghq.com/plugins/harness-waap/),https://developer.konghq.com/plugins/harness-waap,registered,K-017,developer.konghq.com
docs/44-kong-multicloud-study-roadmap.md,https://developer.konghq.com/plugins/openid-connect/)),https://developer.konghq.com/plugins/openid-connect,contextual,,developer.konghq.com
docs/44-kong-multicloud-study-roadmap.md,https://developer.konghq.com/plugins/opentelemetry/),https://developer.konghq.com/plugins/opentelemetry,registered,K-008,developer.konghq.com
docs/44-kong-multicloud-study-roadmap.md,https://developer.konghq.com/plugins/prometheus/)),https://developer.konghq.com/plugins/prometheus,registered,K-007,developer.konghq.com
docs/44-kong-multicloud-study-roadmap.md,https://developer.konghq.com/terraform/)),https://developer.konghq.com/terraform,contextual,,developer.konghq.com
docs/44-kong-multicloud-study-roadmap.md,https://docs.traceable.ai/docs/kong),https://docs.traceable.ai/docs/kong,registered,TR-001,docs.traceable.ai
docs/44-kong-multicloud-study-roadmap.md,https://gateway-api.sigs.k8s.io/docs/concepts/api-overview/)),https://gateway-api.sigs.k8s.io/docs/concepts/api-overview,contextual,,gateway-api.sigs.k8s.io
docs/44-kong-multicloud-study-roadmap.md,https://gateway-api.sigs.k8s.io/docs/concepts/conformance/)),https://gateway-api.sigs.k8s.io/docs/concepts/conformance,contextual,,gateway-api.sigs.k8s.io
docs/44-kong-multicloud-study-roadmap.md,https://opentelemetry.io/docs/collector/internal-telemetry/)),https://opentelemetry.io/docs/collector/internal-telemetry,contextual,,opentelemetry.io
docs/44-kong-multicloud-study-roadmap.md,https://www.rfc-editor.org/info/rfc9700/),https://www.rfc-editor.org/info/rfc9700,contextual,,www.rfc-editor.org
docs/45-api-management-industry-practices.md,https://aws.amazon.com/builders-library/making-retries-safe-with-idempotent-APIs/),https://aws.amazon.com/builders-library/making-retries-safe-with-idempotent-APIs,contextual,,aws.amazon.com
docs/45-api-management-industry-practices.md,https://aws.amazon.com/message/11201/)),https://aws.amazon.com/message/11201,contextual,,aws.amazon.com
docs/45-api-management-industry-practices.md,https://blog.modelcontextprotocol.io/posts/2026-07-28/),https://blog.modelcontextprotocol.io/posts/2026-07-28,contextual,,blog.modelcontextprotocol.io
docs/45-api-management-industry-practices.md,https://csrc.nist.gov/pubs/sp/800/207/a/final),https://csrc.nist.gov/pubs/sp/800/207/a/final,contextual,,csrc.nist.gov
docs/45-api-management-industry-practices.md,https://developer.konghq.com/ai-gateway/),https://developer.konghq.com/ai-gateway,contextual,,developer.konghq.com
docs/45-api-management-industry-practices.md,https://developer.konghq.com/ai-gateway/ai-providers/)),https://developer.konghq.com/ai-gateway/ai-providers,contextual,,developer.konghq.com
docs/45-api-management-industry-practices.md,https://developer.konghq.com/gateway/cp-dp-communication/),https://developer.konghq.com/gateway/cp-dp-communication,registered,K-002,developer.konghq.com
docs/45-api-management-industry-practices.md,https://developer.konghq.com/gateway/hybrid-mode/),https://developer.konghq.com/gateway/hybrid-mode,registered,K-001,developer.konghq.com
docs/45-api-management-industry-practices.md,https://docs.cloud.google.com/apigee/docs/api-platform/get-started/ai-capabilities),https://docs.cloud.google.com/apigee/docs/api-platform/get-started/ai-capabilities,contextual,,docs.cloud.google.com
docs/45-api-management-industry-practices.md,https://docs.cloud.google.com/apigee/docs/hybrid/shared-responsibility-model),https://docs.cloud.google.com/apigee/docs/hybrid/shared-responsibility-model,contextual,,docs.cloud.google.com
docs/45-api-management-industry-practices.md,https://docs.cloud.google.com/apigee/docs/hybrid/v1.16/what-is-hybrid),https://docs.cloud.google.com/apigee/docs/hybrid/v1.16/what-is-hybrid,registered,G-005,docs.cloud.google.com
docs/45-api-management-industry-practices.md,https://docs.mulesoft.com/gateway/latest/)),https://docs.mulesoft.com/gateway/latest,contextual,,docs.mulesoft.com
docs/45-api-management-industry-practices.md,https://docs.mulesoft.com/runtime-fabric/latest/),https://docs.mulesoft.com/runtime-fabric/latest,contextual,,docs.mulesoft.com
docs/45-api-management-industry-practices.md,https://docs.stripe.com/api/idempotent_requests?lang=curl),https://docs.stripe.com/api/idempotent_requests?lang=curl,contextual,,docs.stripe.com
docs/45-api-management-industry-practices.md,https://engineering.fb.com/2021/10/05/networking-traffic/outage-details/)),https://engineering.fb.com/2021/10/05/networking-traffic/outage-details,contextual,,engineering.fb.com
docs/45-api-management-industry-practices.md,https://gateway-api.sigs.k8s.io/docs/concepts/conformance/),https://gateway-api.sigs.k8s.io/docs/concepts/conformance,contextual,,gateway-api.sigs.k8s.io
docs/45-api-management-industry-practices.md,https://gateway-api.sigs.k8s.io/docs/concepts/roles-and-personas/),https://gateway-api.sigs.k8s.io/docs/concepts/roles-and-personas,contextual,,gateway-api.sigs.k8s.io
docs/45-api-management-industry-practices.md,https://github.com/cloudevents/spec/blob/ce%40v1.0.2/cloudevents/primer.md),https://github.com/cloudevents/spec/blob/ce%40v1.0.2/cloudevents/primer.md,contextual,,github.com
docs/45-api-management-industry-practices.md,https://hl7.org/fhir/smart-app-launch/STU2.2/backend-services.html),https://hl7.org/fhir/smart-app-launch/STU2.2/backend-services.html,contextual,,hl7.org
docs/45-api-management-industry-practices.md,https://hl7.org/fhir/uv/bulkdata/OperationDefinition-export.html),https://hl7.org/fhir/uv/bulkdata/OperationDefinition-export.html,contextual,,hl7.org
docs/45-api-management-industry-practices.md,https://learn.microsoft.com/en-us/azure/api-management/api-management-gateways-overview),https://learn.microsoft.com/en-us/azure/api-management/api-management-gateways-overview,registered,M-001,learn.microsoft.com
docs/45-api-management-industry-practices.md,https://learn.microsoft.com/en-us/azure/api-management/genai-gateway-capabilities),https://learn.microsoft.com/en-us/azure/api-management/genai-gateway-capabilities,contextual,,learn.microsoft.com
docs/45-api-management-industry-practices.md,https://learn.microsoft.com/en-us/azure/api-management/self-hosted-gateway-support-policies),https://learn.microsoft.com/en-us/azure/api-management/self-hosted-gateway-support-policies,registered,M-003,learn.microsoft.com
docs/45-api-management-industry-practices.md,https://learn.microsoft.com/en-us/azure/api-management/workspaces-overview),https://learn.microsoft.com/en-us/azure/api-management/workspaces-overview,registered,M-004,learn.microsoft.com
docs/45-api-management-industry-practices.md,https://modelcontextprotocol.io/specification/2026-07-28/basic/authorization),https://modelcontextprotocol.io/specification/2026-07-28/basic/authorization,contextual,,modelcontextprotocol.io
docs/45-api-management-industry-practices.md,https://openid.net/specs/fapi-security-profile-2_0-final.html),https://openid.net/specs/fapi-security-profile-2_0-final.html,contextual,,openid.net
docs/45-api-management-industry-practices.md,https://opentelemetry.io/docs/collector/resiliency/),https://opentelemetry.io/docs/collector/resiliency,contextual,,opentelemetry.io
docs/45-api-management-industry-practices.md,https://opentelemetry.io/docs/specs/semconv/http/)),https://opentelemetry.io/docs/specs/semconv/http,contextual,,opentelemetry.io
docs/45-api-management-industry-practices.md,https://owasp.org/www-project-api-security/),https://owasp.org/www-project-api-security,contextual,,owasp.org
docs/45-api-management-industry-practices.md,https://slsa.dev/spec/v1.2/),https://slsa.dev/spec/v1.2,contextual,,slsa.dev
docs/45-api-management-industry-practices.md,https://spec.openapis.org/oas/),https://spec.openapis.org/oas,contextual,,spec.openapis.org
docs/45-api-management-industry-practices.md,https://sre.google/sre-book/addressing-cascading-failures/),https://sre.google/sre-book/addressing-cascading-failures,contextual,,sre.google
docs/45-api-management-industry-practices.md,https://sre.google/sre-book/handling-overload/)),https://sre.google/sre-book/handling-overload,contextual,,sre.google
docs/45-api-management-industry-practices.md,https://www.asyncapi.com/docs/reference/specification/v3.1.0)),https://www.asyncapi.com/docs/reference/specification/v3.1.0,contextual,,www.asyncapi.com
docs/45-api-management-industry-practices.md,https://www.atlassian.com/blog/how-we-build/post-incident-review-april-2022-outage)),https://www.atlassian.com/blog/how-we-build/post-incident-review-april-2022-outage,contextual,,www.atlassian.com
docs/45-api-management-industry-practices.md,https://www.hl7.org/fhir/security.html)),https://www.hl7.org/fhir/security.html,contextual,,www.hl7.org
docs/45-api-management-industry-practices.md,https://www.nist.gov/publications/artificial-intelligence-risk-management-framework-generative-artificial-intelligence),https://www.nist.gov/publications/artificial-intelligence-risk-management-framework-generative-artificial-intelligence,contextual,,www.nist.gov
docs/45-api-management-industry-practices.md,https://www.rfc-editor.org/info/rfc9700/),https://www.rfc-editor.org/info/rfc9700,contextual,,www.rfc-editor.org
docs/45-api-management-industry-practices.md,https://www.rfc-editor.org/rfc/rfc8705.html),https://www.rfc-editor.org/rfc/rfc8705.html,contextual,,www.rfc-editor.org
docs/45-api-management-industry-practices.md,https://www.rfc-editor.org/rfc/rfc9110.html),https://www.rfc-editor.org/rfc/rfc9110.html,registered,RFC-001,www.rfc-editor.org
docs/45-api-management-industry-practices.md,https://www.rfc-editor.org/rfc/rfc9449.html),https://www.rfc-editor.org/rfc/rfc9449.html,contextual,,www.rfc-editor.org
docs/45-api-management-industry-practices.md,https://www.rfc-editor.org/rfc/rfc9728.html)),https://www.rfc-editor.org/rfc/rfc9728.html,contextual,,www.rfc-editor.org
docs/45-api-management-industry-practices.md,https://www.w3.org/TR/trace-context/),https://www.w3.org/TR/trace-context,contextual,,www.w3.org
docs/47-kong-enterprise-platform-strategy.md,https://developer.konghq.com/deck/gateway/),https://developer.konghq.com/deck/gateway,registered,K-006,developer.konghq.com
docs/47-kong-enterprise-platform-strategy.md,https://developer.konghq.com/deck/gateway/sync/)),https://developer.konghq.com/deck/gateway/sync,contextual,,developer.konghq.com
docs/47-kong-enterprise-platform-strategy.md,https://developer.konghq.com/gateway/audit-logs/)),https://developer.konghq.com/gateway/audit-logs,contextual,,developer.konghq.com
docs/47-kong-enterprise-platform-strategy.md,https://developer.konghq.com/gateway/configuration/)),https://developer.konghq.com/gateway/configuration,contextual,,developer.konghq.com
docs/47-kong-enterprise-platform-strategy.md,https://developer.konghq.com/gateway/cp-dp-communication/)),https://developer.konghq.com/gateway/cp-dp-communication,registered,K-002,developer.konghq.com
docs/47-kong-enterprise-platform-strategy.md,https://developer.konghq.com/gateway/entities/license/),https://developer.konghq.com/gateway/entities/license,contextual,,developer.konghq.com
docs/47-kong-enterprise-platform-strategy.md,https://developer.konghq.com/gateway/entities/rbac/),https://developer.konghq.com/gateway/entities/rbac,contextual,,developer.konghq.com
docs/47-kong-enterprise-platform-strategy.md,https://developer.konghq.com/gateway/entities/workspace/),https://developer.konghq.com/gateway/entities/workspace,contextual,,developer.konghq.com
docs/47-kong-enterprise-platform-strategy.md,https://developer.konghq.com/gateway/hybrid-mode/),https://developer.konghq.com/gateway/hybrid-mode,registered,K-001,developer.konghq.com
docs/47-kong-enterprise-platform-strategy.md,https://developer.konghq.com/gateway/monitoring/),https://developer.konghq.com/gateway/monitoring,contextual,,developer.konghq.com
docs/47-kong-enterprise-platform-strategy.md,https://developer.konghq.com/gateway/rate-limiting/strategies/),https://developer.konghq.com/gateway/rate-limiting/strategies,contextual,,developer.konghq.com
docs/47-kong-enterprise-platform-strategy.md,https://developer.konghq.com/gateway/secrets-management/),https://developer.konghq.com/gateway/secrets-management,contextual,,developer.konghq.com
docs/47-kong-enterprise-platform-strategy.md,https://developer.konghq.com/gateway/self-managed-migration/),https://developer.konghq.com/gateway/self-managed-migration,contextual,,developer.konghq.com
docs/47-kong-enterprise-platform-strategy.md,https://developer.konghq.com/gateway/upgrade/)),https://developer.konghq.com/gateway/upgrade,contextual,,developer.konghq.com
docs/47-kong-enterprise-platform-strategy.md,https://developer.konghq.com/gateway/upgrade/backup-and-restore/),https://developer.konghq.com/gateway/upgrade/backup-and-restore,contextual,,developer.konghq.com
docs/47-kong-enterprise-platform-strategy.md,https://developer.konghq.com/gateway/version-support-policy/)),https://developer.konghq.com/gateway/version-support-policy,contextual,,developer.konghq.com
docs/47-kong-enterprise-platform-strategy.md,https://developer.konghq.com/konnect/),https://developer.konghq.com/konnect,contextual,,developer.konghq.com
docs/47-kong-enterprise-platform-strategy.md,https://developer.konghq.com/konnect-platform/compatibility/),https://developer.konghq.com/konnect-platform/compatibility,contextual,,developer.konghq.com
docs/47-kong-enterprise-platform-strategy.md,https://developer.konghq.com/konnect-platform/network/)),https://developer.konghq.com/konnect-platform/network,contextual,,developer.konghq.com
docs/47-kong-enterprise-platform-strategy.md,https://developer.konghq.com/kubernetes-ingress-controller/architecture/),https://developer.konghq.com/kubernetes-ingress-controller/architecture,contextual,,developer.konghq.com
docs/47-kong-enterprise-platform-strategy.md,https://developer.konghq.com/kubernetes-ingress-controller/version-compatibility/),https://developer.konghq.com/kubernetes-ingress-controller/version-compatibility,contextual,,developer.konghq.com
docs/47-kong-enterprise-platform-strategy.md,https://developer.konghq.com/operator/)),https://developer.konghq.com/operator,registered,K-015,developer.konghq.com
docs/47-kong-enterprise-platform-strategy.md,https://developer.konghq.com/plugins/compatibility/),https://developer.konghq.com/plugins/compatibility,contextual,,developer.konghq.com
docs/47-kong-enterprise-platform-strategy.md,https://developer.konghq.com/plugins/openid-connect/),https://developer.konghq.com/plugins/openid-connect,contextual,,developer.konghq.com
docs/47-kong-enterprise-platform-strategy.md,https://developer.konghq.com/plugins/opentelemetry/),https://developer.konghq.com/plugins/opentelemetry,registered,K-008,developer.konghq.com
docs/47-kong-enterprise-platform-strategy.md,https://gateway-api.sigs.k8s.io/docs/concepts/versioning/)),https://gateway-api.sigs.k8s.io/docs/concepts/versioning,contextual,,gateway-api.sigs.k8s.io
docs/48-kong-guided-evaluation.md,https://cloud.google.com/apigee/pricing),https://cloud.google.com/apigee/pricing,registered,G-008,cloud.google.com
docs/48-kong-guided-evaluation.md,https://developer.konghq.com/ai-gateway/),https://developer.konghq.com/ai-gateway,contextual,,developer.konghq.com
docs/48-kong-guided-evaluation.md,https://developer.konghq.com/gateway/deployment-topologies/),https://developer.konghq.com/gateway/deployment-topologies,registered,K-003,developer.konghq.com
docs/48-kong-guided-evaluation.md,https://developer.konghq.com/gateway/entities/),https://developer.konghq.com/gateway/entities,registered,K-016,developer.konghq.com
docs/48-kong-guided-evaluation.md,https://developer.konghq.com/gateway/entities/plugin/),https://developer.konghq.com/gateway/entities/plugin,contextual,,developer.konghq.com
docs/48-kong-guided-evaluation.md,https://developer.konghq.com/gateway/hybrid-mode/),https://developer.konghq.com/gateway/hybrid-mode,registered,K-001,developer.konghq.com
docs/48-kong-guided-evaluation.md,https://developer.konghq.com/gateway/monitoring/),https://developer.konghq.com/gateway/monitoring,contextual,,developer.konghq.com
docs/48-kong-guided-evaluation.md,https://developer.konghq.com/gateway/version-support-policy/),https://developer.konghq.com/gateway/version-support-policy,contextual,,developer.konghq.com
docs/48-kong-guided-evaluation.md,https://developer.konghq.com/plugins/harness-waap/),https://developer.konghq.com/plugins/harness-waap,registered,K-017,developer.konghq.com
docs/48-kong-guided-evaluation.md,https://docs.cloud.google.com/apigee/docs/api-platform/fundamentals/download-api-proxies),https://docs.cloud.google.com/apigee/docs/api-platform/fundamentals/download-api-proxies,registered,G-006,docs.cloud.google.com
docs/48-kong-guided-evaluation.md,https://docs.cloud.google.com/apigee/docs/api-platform/reference/api-proxy-configuration-reference),https://docs.cloud.google.com/apigee/docs/api-platform/reference/api-proxy-configuration-reference,registered,G-007,docs.cloud.google.com
docs/48-kong-guided-evaluation.md,https://docs.cloud.google.com/apigee/docs/hybrid/v1.16/what-is-hybrid),https://docs.cloud.google.com/apigee/docs/hybrid/v1.16/what-is-hybrid,registered,G-005,docs.cloud.google.com
docs/48-kong-guided-evaluation.md,https://docs.mulesoft.com/gateway/latest/),https://docs.mulesoft.com/gateway/latest,contextual,,docs.mulesoft.com
docs/48-kong-guided-evaluation.md,https://docs.traceable.ai/docs/tracing-agents-rule-evaluation-for-protection),https://docs.traceable.ai/docs/tracing-agents-rule-evaluation-for-protection,registered,TR-003,docs.traceable.ai
docs/48-kong-guided-evaluation.md,https://docs.traceable.ai/kong),https://docs.traceable.ai/kong,contextual,,docs.traceable.ai
docs/48-kong-guided-evaluation.md,https://docs.traceable.ai/v1/docs/third-party-monitoring-support-matrix),https://docs.traceable.ai/v1/docs/third-party-monitoring-support-matrix,registered,TR-004,docs.traceable.ai
docs/48-kong-guided-evaluation.md,https://konghq.com/pricing),https://konghq.com/pricing,registered,K-018,konghq.com
docs/48-kong-guided-evaluation.md,https://learn.microsoft.com/en-us/azure/api-management/self-hosted-gateway-overview),https://learn.microsoft.com/en-us/azure/api-management/self-hosted-gateway-overview,registered,M-002,learn.microsoft.com
docs/48-kong-guided-evaluation.md,https://www.mulesoft.com/anypoint-pricing),https://www.mulesoft.com/anypoint-pricing,registered,MU-008,www.mulesoft.com
docs/49-kong-guided-evaluation-facilitator-guide.md,https://cloud.google.com/apigee/pricing),https://cloud.google.com/apigee/pricing,registered,G-008,cloud.google.com
docs/49-kong-guided-evaluation-facilitator-guide.md,https://developer.konghq.com/ai-gateway/),https://developer.konghq.com/ai-gateway,contextual,,developer.konghq.com
docs/49-kong-guided-evaluation-facilitator-guide.md,https://developer.konghq.com/gateway/deployment-topologies/),https://developer.konghq.com/gateway/deployment-topologies,registered,K-003,developer.konghq.com
docs/49-kong-guided-evaluation-facilitator-guide.md,https://developer.konghq.com/gateway/entities/),https://developer.konghq.com/gateway/entities,registered,K-016,developer.konghq.com
docs/49-kong-guided-evaluation-facilitator-guide.md,https://developer.konghq.com/gateway/entities/plugin/),https://developer.konghq.com/gateway/entities/plugin,contextual,,developer.konghq.com
docs/49-kong-guided-evaluation-facilitator-guide.md,https://developer.konghq.com/gateway/hybrid-mode/),https://developer.konghq.com/gateway/hybrid-mode,registered,K-001,developer.konghq.com
docs/49-kong-guided-evaluation-facilitator-guide.md,https://developer.konghq.com/gateway/monitoring/),https://developer.konghq.com/gateway/monitoring,contextual,,developer.konghq.com
docs/49-kong-guided-evaluation-facilitator-guide.md,https://developer.konghq.com/gateway/version-support-policy/),https://developer.konghq.com/gateway/version-support-policy,contextual,,developer.konghq.com
docs/49-kong-guided-evaluation-facilitator-guide.md,https://developer.konghq.com/plugins/harness-waap/),https://developer.konghq.com/plugins/harness-waap,registered,K-017,developer.konghq.com
docs/49-kong-guided-evaluation-facilitator-guide.md,https://docs.cloud.google.com/apigee/docs/api-platform/fundamentals/download-api-proxies),https://docs.cloud.google.com/apigee/docs/api-platform/fundamentals/download-api-proxies,registered,G-006,docs.cloud.google.com
docs/49-kong-guided-evaluation-facilitator-guide.md,https://docs.cloud.google.com/apigee/docs/api-platform/reference/api-proxy-configuration-reference),https://docs.cloud.google.com/apigee/docs/api-platform/reference/api-proxy-configuration-reference,registered,G-007,docs.cloud.google.com
docs/49-kong-guided-evaluation-facilitator-guide.md,https://docs.cloud.google.com/apigee/docs/hybrid/v1.16/what-is-hybrid),https://docs.cloud.google.com/apigee/docs/hybrid/v1.16/what-is-hybrid,registered,G-005,docs.cloud.google.com
docs/49-kong-guided-evaluation-facilitator-guide.md,https://docs.mulesoft.com/gateway/latest/),https://docs.mulesoft.com/gateway/latest,contextual,,docs.mulesoft.com
docs/49-kong-guided-evaluation-facilitator-guide.md,https://docs.traceable.ai/docs/tracing-agents-rule-evaluation-for-protection),https://docs.traceable.ai/docs/tracing-agents-rule-evaluation-for-protection,registered,TR-003,docs.traceable.ai
docs/49-kong-guided-evaluation-facilitator-guide.md,https://docs.traceable.ai/kong),https://docs.traceable.ai/kong,contextual,,docs.traceable.ai
docs/49-kong-guided-evaluation-facilitator-guide.md,https://github.com/tomqwu/apim/blob/main/presentations/kong-platform-journey-guided.pptx),https://github.com/tomqwu/apim/blob/main/presentations/kong-platform-journey-guided.pptx,contextual,,github.com
docs/49-kong-guided-evaluation-facilitator-guide.md,https://konghq.com/pricing),https://konghq.com/pricing,registered,K-018,konghq.com
docs/49-kong-guided-evaluation-facilitator-guide.md,https://learn.microsoft.com/en-us/azure/api-management/self-hosted-gateway-overview),https://learn.microsoft.com/en-us/azure/api-management/self-hosted-gateway-overview,registered,M-002,learn.microsoft.com
docs/49-kong-guided-evaluation-facilitator-guide.md,https://tomqwu.github.io/apim/#/present/kong-platform-journey-guided/0),https://tomqwu.github.io/apim,contextual,,tomqwu.github.io
docs/49-kong-guided-evaluation-facilitator-guide.md,https://www.mulesoft.com/anypoint-pricing),https://www.mulesoft.com/anypoint-pricing,registered,MU-008,www.mulesoft.com
docs/50-apigee-migration-strategy.md,https://cloud.google.com/apigee/pricing),https://cloud.google.com/apigee/pricing,registered,G-008,cloud.google.com
docs/50-apigee-migration-strategy.md,https://docs.cloud.google.com/apigee/docs/api-platform/fundamentals/download-api-proxies),https://docs.cloud.google.com/apigee/docs/api-platform/fundamentals/download-api-proxies,registered,G-006,docs.cloud.google.com
docs/50-apigee-migration-strategy.md,https://docs.cloud.google.com/apigee/docs/api-platform/reference/api-proxy-configuration-reference),https://docs.cloud.google.com/apigee/docs/api-platform/reference/api-proxy-configuration-reference,registered,G-007,docs.cloud.google.com
docs/50-apigee-migration-strategy.md,https://docs.cloud.google.com/apigee/docs/hybrid/v1.16/what-is-hybrid),https://docs.cloud.google.com/apigee/docs/hybrid/v1.16/what-is-hybrid,registered,G-005,docs.cloud.google.com
docs/50-apigee-migration-strategy.md,https://konghq.com/pricing),https://konghq.com/pricing,registered,K-018,konghq.com
poc/real-world-scenarios.md,https://cert-manager.io/docs/usage/certificate/)),https://cert-manager.io/docs/usage/certificate,contextual,,cert-manager.io
poc/real-world-scenarios.md,https://docs.cloudfoundry.org/devguide/deploy-apps/routes-domains.html)),https://docs.cloudfoundry.org/devguide/deploy-apps/routes-domains.html,contextual,,docs.cloudfoundry.org
poc/real-world-scenarios.md,https://docs.mulesoft.com/mule-runtime/latest/mule-high-availability-ha-clusters),https://docs.mulesoft.com/mule-runtime/latest/mule-high-availability-ha-clusters,registered,MU-005,docs.mulesoft.com
poc/real-world-scenarios.md,https://gateway-api.sigs.k8s.io/guides/user-guides/traffic-splitting/),https://gateway-api.sigs.k8s.io/guides/user-guides/traffic-splitting,contextual,,gateway-api.sigs.k8s.io
poc/real-world-scenarios.md,https://kubernetes.io/docs/concepts/configuration/secret/)),https://kubernetes.io/docs/concepts/configuration/secret,registered,K8S-004,kubernetes.io
poc/real-world-scenarios.md,https://kubernetes.io/docs/concepts/workloads/pods/disruptions/)),https://kubernetes.io/docs/concepts/workloads/pods/disruptions,registered,K8S-002,kubernetes.io
poc/real-world-scenarios.md,https://learn.microsoft.com/en-us/azure/aks/reliability-multi-region-deployment-models),https://learn.microsoft.com/en-us/azure/aks/reliability-multi-region-deployment-models,contextual,,learn.microsoft.com
poc/real-world-scenarios.md,https://learn.microsoft.com/en-us/azure/reliability/reliability-aks),https://learn.microsoft.com/en-us/azure/reliability/reliability-aks,contextual,,learn.microsoft.com
poc/real-world-scenarios.md,https://opentelemetry.io/docs/collector/internal-telemetry/),https://opentelemetry.io/docs/collector/internal-telemetry,contextual,,opentelemetry.io
poc/real-world-scenarios.md,https://spec.openapis.org/oas/latest.html),https://spec.openapis.org/oas/latest.html,contextual,,spec.openapis.org
poc/real-world-scenarios.md,https://www.rfc-editor.org/rfc/rfc8705.html),https://www.rfc-editor.org/rfc/rfc8705.html,contextual,,www.rfc-editor.org
poc/real-world-scenarios.md,https://www.rfc-editor.org/rfc/rfc9110.html),https://www.rfc-editor.org/rfc/rfc9110.html,registered,RFC-001,www.rfc-editor.org
poc/real-world-scenarios.md,https://www.rfc-editor.org/rfc/rfc9700.html),https://www.rfc-editor.org/rfc/rfc9700.html,contextual,,www.rfc-editor.org
research/apigee.md,https://cloud.google.com/apigee/docs/api-platform/analytics/export-data),https://cloud.google.com/apigee/docs/api-platform/analytics/export-data,contextual,,cloud.google.com
research/apigee.md,https://cloud.google.com/apigee/docs/api-platform/fundamentals/download-api-proxies),https://cloud.google.com/apigee/docs/api-platform/fundamentals/download-api-proxies,contextual,,cloud.google.com
research/apigee.md,https://cloud.google.com/apigee/docs/api-platform/fundamentals/environments-overview),https://cloud.google.com/apigee/docs/api-platform/fundamentals/environments-overview,contextual,,cloud.google.com
research/apigee.md,https://cloud.google.com/apigee/docs/api-platform/fundamentals/environments-working-with),https://cloud.google.com/apigee/docs/api-platform/fundamentals/environments-working-with,contextual,,cloud.google.com
research/apigee.md,https://cloud.google.com/apigee/docs/api-platform/fundamentals/organization-structure),https://cloud.google.com/apigee/docs/api-platform/fundamentals/organization-structure,contextual,,cloud.google.com
research/apigee.md,https://cloud.google.com/apigee/docs/api-platform/get-started/apigee-feature-summary),https://cloud.google.com/apigee/docs/api-platform/get-started/apigee-feature-summary,registered,G-003,cloud.google.com
research/apigee.md,https://cloud.google.com/apigee/docs/api-platform/publish/adding-developers-your-api-product#exporting-publishing-data),https://cloud.google.com/apigee/docs/api-platform/publish/adding-developers-your-api-product,contextual,,cloud.google.com
research/apigee.md,https://cloud.google.com/apigee/docs/api-platform/reference/limits),https://cloud.google.com/apigee/docs/api-platform/reference/limits,contextual,,cloud.google.com
research/apigee.md,https://cloud.google.com/apigee/docs/api-platform/reference/pay-as-you-go-updated-overview),https://cloud.google.com/apigee/docs/api-platform/reference/pay-as-you-go-updated-overview,contextual,,cloud.google.com
research/apigee.md,https://cloud.google.com/apigee/docs/hybrid/latest/cassandra-backup-overview),https://cloud.google.com/apigee/docs/hybrid/latest/cassandra-backup-overview,contextual,,cloud.google.com
research/apigee.md,https://cloud.google.com/apigee/docs/hybrid/latest/install-create-cluster),https://cloud.google.com/apigee/docs/hybrid/latest/install-create-cluster,contextual,,cloud.google.com
research/apigee.md,https://cloud.google.com/apigee/docs/hybrid/latest/restore-cassandra-multi-region),https://cloud.google.com/apigee/docs/hybrid/latest/restore-cassandra-multi-region,contextual,,cloud.google.com
research/apigee.md,https://cloud.google.com/apigee/docs/hybrid/latest/what-is-hybrid),https://cloud.google.com/apigee/docs/hybrid/latest/what-is-hybrid,registered,G-001,cloud.google.com
research/apigee.md,https://cloud.google.com/apigee/docs/hybrid/latest/where-data.html),https://cloud.google.com/apigee/docs/hybrid/latest/where-data.html,contextual,,cloud.google.com
research/apigee.md,https://cloud.google.com/apigee/docs/hybrid/supported-platforms),https://cloud.google.com/apigee/docs/hybrid/supported-platforms,registered,G-004,cloud.google.com
research/azure-apim.md,https://learn.microsoft.com/en-us/azure/api-management/api-management-gateways-overview),https://learn.microsoft.com/en-us/azure/api-management/api-management-gateways-overview,registered,M-001,learn.microsoft.com
research/azure-apim.md,https://learn.microsoft.com/en-us/azure/api-management/breaking-changes/git-configuration-retirement-march-2025),https://learn.microsoft.com/en-us/azure/api-management/breaking-changes/git-configuration-retirement-march-2025,contextual,,learn.microsoft.com
research/azure-apim.md,https://learn.microsoft.com/en-us/azure/api-management/how-to-self-hosted-gateway-on-kubernetes-in-production#configuration-backup),https://learn.microsoft.com/en-us/azure/api-management/how-to-self-hosted-gateway-on-kubernetes-in-production,contextual,,learn.microsoft.com
research/azure-apim.md,https://learn.microsoft.com/en-us/azure/api-management/self-hosted-gateway-overview),https://learn.microsoft.com/en-us/azure/api-management/self-hosted-gateway-overview,registered,M-002,learn.microsoft.com
research/azure-apim.md,https://learn.microsoft.com/en-us/azure/api-management/self-hosted-gateway-support-policies),https://learn.microsoft.com/en-us/azure/api-management/self-hosted-gateway-support-policies,registered,M-003,learn.microsoft.com
research/azure-apim.md,https://learn.microsoft.com/en-us/azure/api-management/v2-service-tiers-overview),https://learn.microsoft.com/en-us/azure/api-management/v2-service-tiers-overview,registered,M-005,learn.microsoft.com
research/azure-apim.md,https://learn.microsoft.com/en-us/azure/api-management/workspaces-overview),https://learn.microsoft.com/en-us/azure/api-management/workspaces-overview,registered,M-004,learn.microsoft.com
research/azure-apim.md,https://learn.microsoft.com/en-us/azure/reliability/reliability-api-management),https://learn.microsoft.com/en-us/azure/reliability/reliability-api-management,contextual,,learn.microsoft.com
research/glossary.md,https://developer.konghq.com/deck/gateway/),https://developer.konghq.com/deck/gateway,registered,K-006,developer.konghq.com
research/glossary.md,https://developer.konghq.com/gateway/entities/),https://developer.konghq.com/gateway/entities,registered,K-016,developer.konghq.com
research/glossary.md,https://developer.konghq.com/gateway/entities/plugin/),https://developer.konghq.com/gateway/entities/plugin,contextual,,developer.konghq.com
research/glossary.md,https://developer.konghq.com/gateway/hybrid-mode/),https://developer.konghq.com/gateway/hybrid-mode,registered,K-001,developer.konghq.com
research/glossary.md,https://docs.cloud.google.com/apigee/docs/api-platform/reference/api-proxy-configuration-reference),https://docs.cloud.google.com/apigee/docs/api-platform/reference/api-proxy-configuration-reference,registered,G-007,docs.cloud.google.com
research/glossary.md,https://docs.mulesoft.com/api-manager/latest/api-instance-landing-page),https://docs.mulesoft.com/api-manager/latest/api-instance-landing-page,registered,MU-006,docs.mulesoft.com
research/glossary.md,https://docs.mulesoft.com/mule-gateway/policies-policy-overview),https://docs.mulesoft.com/mule-gateway/policies-policy-overview,registered,MU-007,docs.mulesoft.com
research/kong.md,https://developer.konghq.com/custom-plugins/handler.lua/),https://developer.konghq.com/custom-plugins/handler.lua,contextual,,developer.konghq.com
research/kong.md,https://developer.konghq.com/deck/gateway/),https://developer.konghq.com/deck/gateway,registered,K-006,developer.konghq.com
research/kong.md,https://developer.konghq.com/deck/gateway/tags/),https://developer.konghq.com/deck/gateway/tags,contextual,,developer.konghq.com
research/kong.md,https://developer.konghq.com/dedicated-cloud-gateways/),https://developer.konghq.com/dedicated-cloud-gateways,contextual,,developer.konghq.com
research/kong.md,https://developer.konghq.com/dedicated-cloud-gateways/network-architecture/),https://developer.konghq.com/dedicated-cloud-gateways/network-architecture,contextual,,developer.konghq.com
research/kong.md,https://developer.konghq.com/gateway/audit-logs/),https://developer.konghq.com/gateway/audit-logs,contextual,,developer.konghq.com
research/kong.md,https://developer.konghq.com/gateway/changelog/),https://developer.konghq.com/gateway/changelog,registered,K-011,developer.konghq.com
research/kong.md,https://developer.konghq.com/gateway/cp-dp-communication/),https://developer.konghq.com/gateway/cp-dp-communication,registered,K-002,developer.konghq.com
research/kong.md,https://developer.konghq.com/gateway/cp-outage/),https://developer.konghq.com/gateway/cp-outage,registered,K-020,developer.konghq.com
research/kong.md,https://developer.konghq.com/gateway/data-plane-version-compatibility/),https://developer.konghq.com/gateway/data-plane-version-compatibility,contextual,,developer.konghq.com
research/kong.md,https://developer.konghq.com/gateway/db-less-mode/),https://developer.konghq.com/gateway/db-less-mode,contextual,,developer.konghq.com
research/kong.md,https://developer.konghq.com/gateway/deployment-topologies/),https://developer.konghq.com/gateway/deployment-topologies,registered,K-003,developer.konghq.com
research/kong.md,https://developer.konghq.com/gateway/entities/license/),https://developer.konghq.com/gateway/entities/license,contextual,,developer.konghq.com
research/kong.md,https://developer.konghq.com/gateway/entities/rbac/),https://developer.konghq.com/gateway/entities/rbac,contextual,,developer.konghq.com
research/kong.md,https://developer.konghq.com/gateway/entities/vault/),https://developer.konghq.com/gateway/entities/vault,contextual,,developer.konghq.com
research/kong.md,https://developer.konghq.com/gateway/hybrid-mode/),https://developer.konghq.com/gateway/hybrid-mode,registered,K-001,developer.konghq.com
research/kong.md,https://developer.konghq.com/gateway/install/hybrid/),https://developer.konghq.com/gateway/install/hybrid,registered,K-013,developer.konghq.com
research/kong.md,https://developer.konghq.com/gateway/logs/),https://developer.konghq.com/gateway/logs,contextual,,developer.konghq.com
research/kong.md,https://developer.konghq.com/gateway/pdk/reference/kong.log/),https://developer.konghq.com/gateway/pdk/reference/kong.log,contextual,,developer.konghq.com
research/kong.md,https://developer.konghq.com/gateway/performance/establish-a-benchmark/),https://developer.konghq.com/gateway/performance/establish-a-benchmark,contextual,,developer.konghq.com
research/kong.md,https://developer.konghq.com/gateway/performance/large-payloads/),https://developer.konghq.com/gateway/performance/large-payloads,contextual,,developer.konghq.com
research/kong.md,https://developer.konghq.com/gateway/performance/optimize/),https://developer.konghq.com/gateway/performance/optimize,contextual,,developer.konghq.com
research/kong.md,https://developer.konghq.com/gateway/rate-limiting/strategies/),https://developer.konghq.com/gateway/rate-limiting/strategies,contextual,,developer.konghq.com
research/kong.md,https://developer.konghq.com/gateway/resource-sizing-guidelines/),https://developer.konghq.com/gateway/resource-sizing-guidelines,contextual,,developer.konghq.com
research/kong.md,https://developer.konghq.com/gateway/secrets-management/),https://developer.konghq.com/gateway/secrets-management,contextual,,developer.konghq.com
research/kong.md,https://developer.konghq.com/gateway/secure-the-admin-api/),https://developer.konghq.com/gateway/secure-the-admin-api,contextual,,developer.konghq.com
research/kong.md,https://developer.konghq.com/gateway/self-managed-migration/),https://developer.konghq.com/gateway/self-managed-migration,contextual,,developer.konghq.com
research/kong.md,https://developer.konghq.com/gateway/topology-hosting-options/),https://developer.konghq.com/gateway/topology-hosting-options,registered,K-014,developer.konghq.com
research/kong.md,https://developer.konghq.com/gateway/traditional-mode/),https://developer.konghq.com/gateway/traditional-mode,contextual,,developer.konghq.com
research/kong.md,https://developer.konghq.com/gateway/traffic-control/health-check-probes/),https://developer.konghq.com/gateway/traffic-control/health-check-probes,contextual,,developer.konghq.com
research/kong.md,https://developer.konghq.com/gateway/upgrade/),https://developer.konghq.com/gateway/upgrade,contextual,,developer.konghq.com
research/kong.md,https://developer.konghq.com/gateway/upgrade/backup-and-restore/),https://developer.konghq.com/gateway/upgrade/backup-and-restore,contextual,,developer.konghq.com
research/kong.md,https://developer.konghq.com/gateway/upgrade/blue-green/),https://developer.konghq.com/gateway/upgrade/blue-green,contextual,,developer.konghq.com
research/kong.md,https://developer.konghq.com/gateway/version-support-policy/),https://developer.konghq.com/gateway/version-support-policy,contextual,,developer.konghq.com
research/kong.md,https://developer.konghq.com/konnect-platform/compatibility/),https://developer.konghq.com/konnect-platform/compatibility,contextual,,developer.konghq.com
research/kong.md,https://developer.konghq.com/konnect-platform/geos/),https://developer.konghq.com/konnect-platform/geos,contextual,,developer.konghq.com
research/kong.md,https://developer.konghq.com/konnect-platform/network/),https://developer.konghq.com/konnect-platform/network,contextual,,developer.konghq.com
research/kong.md,https://developer.konghq.com/konnect-platform/teams-and-roles/),https://developer.konghq.com/konnect-platform/teams-and-roles,contextual,,developer.konghq.com
research/kong.md,https://developer.konghq.com/kubernetes-ingress-controller/architecture/),https://developer.konghq.com/kubernetes-ingress-controller/architecture,contextual,,developer.konghq.com
research/kong.md,https://developer.konghq.com/kubernetes-ingress-controller/gateway-api/),https://developer.konghq.com/kubernetes-ingress-controller/gateway-api,registered,K-004,developer.konghq.com
research/kong.md,https://developer.konghq.com/kubernetes-ingress-controller/version-compatibility/),https://developer.konghq.com/kubernetes-ingress-controller/version-compatibility,contextual,,developer.konghq.com
research/kong.md,https://developer.konghq.com/operator/),https://developer.konghq.com/operator,registered,K-015,developer.konghq.com
research/kong.md,https://developer.konghq.com/operator/support-policy/),https://developer.konghq.com/operator/support-policy,contextual,,developer.konghq.com
research/kong.md,https://developer.konghq.com/plugins/compatibility/),https://developer.konghq.com/plugins/compatibility,contextual,,developer.konghq.com
research/kong.md,https://developer.konghq.com/plugins/mtls-auth/),https://developer.konghq.com/plugins/mtls-auth,contextual,,developer.konghq.com
research/kong.md,https://developer.konghq.com/plugins/mtls-auth/reference/),https://developer.konghq.com/plugins/mtls-auth/reference,contextual,,developer.konghq.com
research/kong.md,https://developer.konghq.com/plugins/openid-connect/),https://developer.konghq.com/plugins/openid-connect,contextual,,developer.konghq.com
research/kong.md,https://developer.konghq.com/plugins/opentelemetry/),https://developer.konghq.com/plugins/opentelemetry,registered,K-008,developer.konghq.com
research/kong.md,https://developer.konghq.com/plugins/prometheus/),https://developer.konghq.com/plugins/prometheus,registered,K-007,developer.konghq.com
research/kong.md,https://developer.konghq.com/plugins/rate-limiting/),https://developer.konghq.com/plugins/rate-limiting,registered,K-010,developer.konghq.com
research/kong.md,https://developer.konghq.com/plugins/request-validator/),https://developer.konghq.com/plugins/request-validator,registered,K-009,developer.konghq.com
research/kong.md,https://developer.konghq.com/serverless-gateways/reference/),https://developer.konghq.com/serverless-gateways/reference,contextual,,developer.konghq.com
research/kong.md,https://kubernetes.io/docs/concepts/scheduling-eviction/topology-spread-constraints/),https://kubernetes.io/docs/concepts/scheduling-eviction/topology-spread-constraints,contextual,,kubernetes.io
research/kong.md,https://learn.microsoft.com/en-us/azure/aks/best-practices-app-cluster-reliability),https://learn.microsoft.com/en-us/azure/aks/best-practices-app-cluster-reliability,contextual,,learn.microsoft.com
research/kong.md,https://learn.microsoft.com/en-us/azure/architecture/reference-architectures/containers/aks/baseline-aks),https://learn.microsoft.com/en-us/azure/architecture/reference-architectures/containers/aks/baseline-aks,contextual,,learn.microsoft.com
research/mulesoft.md,https://docs.mulesoft.com/api-manager/latest/manage-policies-overview),https://docs.mulesoft.com/api-manager/latest/manage-policies-overview,registered,MU-002,docs.mulesoft.com
research/mulesoft.md,https://docs.mulesoft.com/cloudhub-2/ch2-architecture),https://docs.mulesoft.com/cloudhub-2/ch2-architecture,contextual,,docs.mulesoft.com
research/mulesoft.md,https://docs.mulesoft.com/cloudhub-2/ch2-networking-guide#load-balancer-connections),https://docs.mulesoft.com/cloudhub-2/ch2-networking-guide,contextual,,docs.mulesoft.com
research/mulesoft.md,https://docs.mulesoft.com/cloudhub-2/ch2-private-space-about),https://docs.mulesoft.com/cloudhub-2/ch2-private-space-about,contextual,,docs.mulesoft.com
research/mulesoft.md,https://docs.mulesoft.com/gateway/latest/),https://docs.mulesoft.com/gateway/latest,contextual,,docs.mulesoft.com
research/mulesoft.md,https://docs.mulesoft.com/gateway/latest/flex-architecture-managed-dr-ha),https://docs.mulesoft.com/gateway/latest/flex-architecture-managed-dr-ha,contextual,,docs.mulesoft.com
research/mulesoft.md,https://docs.mulesoft.com/gateway/latest/flex-gateway-managed-set-up),https://docs.mulesoft.com/gateway/latest/flex-gateway-managed-set-up,contextual,,docs.mulesoft.com
research/mulesoft.md,https://docs.mulesoft.com/gateway/latest/flex-gateway-version-lifecycle),https://docs.mulesoft.com/gateway/latest/flex-gateway-version-lifecycle,contextual,,docs.mulesoft.com
research/mulesoft.md,https://docs.mulesoft.com/gateway/latest/review-prerequisites#managed-omni-gateway-resource-requirements),https://docs.mulesoft.com/gateway/latest/review-prerequisites,contextual,,docs.mulesoft.com
research/mulesoft.md,https://docs.mulesoft.com/hosting-home/),https://docs.mulesoft.com/hosting-home,contextual,,docs.mulesoft.com
research/mulesoft.md,https://docs.mulesoft.com/mule-runtime/latest/dataweave),https://docs.mulesoft.com/mule-runtime/latest/dataweave,registered,MU-001,docs.mulesoft.com
research/mulesoft.md,https://docs.mulesoft.com/mule-runtime/latest/deploying),https://docs.mulesoft.com/mule-runtime/latest/deploying,contextual,,docs.mulesoft.com
research/mulesoft.md,https://docs.mulesoft.com/mule-runtime/latest/reliability-patterns),https://docs.mulesoft.com/mule-runtime/latest/reliability-patterns,contextual,,docs.mulesoft.com
research/mulesoft.md,https://docs.mulesoft.com/release-notes/flex-gateway/flex-gateway-release-notes#_1_13_0),https://docs.mulesoft.com/release-notes/flex-gateway/flex-gateway-release-notes,contextual,,docs.mulesoft.com
research/mulesoft.md,https://docs.mulesoft.com/runtime-fabric/latest/),https://docs.mulesoft.com/runtime-fabric/latest,contextual,,docs.mulesoft.com
research/mulesoft.md,https://docs.mulesoft.com/runtime-fabric/latest/deploy-index#deployment-considerations),https://docs.mulesoft.com/runtime-fabric/latest/deploy-index,contextual,,docs.mulesoft.com
research/mulesoft.md,https://docs.mulesoft.com/runtime-fabric/latest/runtime-patch-updates),https://docs.mulesoft.com/runtime-fabric/latest/runtime-patch-updates,contextual,,docs.mulesoft.com
research/mulesoft.md,https://docs.mulesoft.com/runtime-fabric/latest/upgrade-self-managed),https://docs.mulesoft.com/runtime-fabric/latest/upgrade-self-managed,contextual,,docs.mulesoft.com
research/mulesoft.md,https://docs.mulesoft.com/runtime-manager/cloudhub),https://docs.mulesoft.com/runtime-manager/cloudhub,contextual,,docs.mulesoft.com
research/mulesoft.md,https://docs.mulesoft.com/runtime-manager/deployment-strategies),https://docs.mulesoft.com/runtime-manager/deployment-strategies,contextual,,docs.mulesoft.com
